file_path,emotion,augmented,original_file
data/processed\calm_enhanced\classical_classical.00000_pitch_-2.wav,calm,True,data/processed\calm\classical_classical.00000.wav
data/processed\calm_enhanced\classical_classical.00000_pitch_-1.wav,calm,True,data/processed\calm\classical_classical.00000.wav
data/processed\calm_enhanced\classical_classical.00000_pitch_+1.wav,calm,True,data/processed\calm\classical_classical.00000.wav
data/processed\calm_enhanced\classical_classical.00000_pitch_+2.wav,calm,True,data/processed\calm\classical_classical.00000.wav
data/processed\calm_enhanced\classical_classical.00000_stretch_0.8.wav,calm,True,data/processed\calm\classical_classical.00000.wav
data/processed\calm_enhanced\classical_classical.00000_stretch_0.9.wav,calm,True,data/processed\calm\classical_classical.00000.wav
data/processed\calm_enhanced\classical_classical.00000_stretch_1.1.wav,calm,True,data/processed\calm\classical_classical.00000.wav
data/processed\calm_enhanced\classical_classical.00000_stretch_1.2.wav,calm,True,data/processed\calm\classical_classical.00000.wav
data/processed\calm_enhanced\classical_classical.00000_noise_0.005.wav,calm,True,data/processed\calm\classical_classical.00000.wav
data/processed\calm_enhanced\classical_classical.00000_noise_0.010.wav,calm,True,data/processed\calm\classical_classical.00000.wav
data/processed\calm_enhanced\classical_classical.00001_pitch_-2.wav,calm,True,data/processed\calm\classical_classical.00001.wav
data/processed\calm_enhanced\classical_classical.00001_pitch_-1.wav,calm,True,data/processed\calm\classical_classical.00001.wav
data/processed\calm_enhanced\classical_classical.00001_pitch_+1.wav,calm,True,data/processed\calm\classical_classical.00001.wav
data/processed\calm_enhanced\classical_classical.00001_pitch_+2.wav,calm,True,data/processed\calm\classical_classical.00001.wav
data/processed\calm_enhanced\classical_classical.00001_stretch_0.8.wav,calm,True,data/processed\calm\classical_classical.00001.wav
data/processed\calm_enhanced\classical_classical.00001_stretch_0.9.wav,calm,True,data/processed\calm\classical_classical.00001.wav
data/processed\calm_enhanced\classical_classical.00001_stretch_1.1.wav,calm,True,data/processed\calm\classical_classical.00001.wav
data/processed\calm_enhanced\classical_classical.00001_stretch_1.2.wav,calm,True,data/processed\calm\classical_classical.00001.wav
data/processed\calm_enhanced\classical_classical.00001_noise_0.005.wav,calm,True,data/processed\calm\classical_classical.00001.wav
data/processed\calm_enhanced\classical_classical.00001_noise_0.010.wav,calm,True,data/processed\calm\classical_classical.00001.wav
data/processed\calm_enhanced\classical_classical.00002_pitch_-2.wav,calm,True,data/processed\calm\classical_classical.00002.wav
data/processed\calm_enhanced\classical_classical.00002_pitch_-1.wav,calm,True,data/processed\calm\classical_classical.00002.wav
data/processed\calm_enhanced\classical_classical.00002_pitch_+1.wav,calm,True,data/processed\calm\classical_classical.00002.wav
data/processed\calm_enhanced\classical_classical.00002_pitch_+2.wav,calm,True,data/processed\calm\classical_classical.00002.wav
data/processed\calm_enhanced\classical_classical.00002_stretch_0.8.wav,calm,True,data/processed\calm\classical_classical.00002.wav
data/processed\calm_enhanced\classical_classical.00002_stretch_0.9.wav,calm,True,data/processed\calm\classical_classical.00002.wav
data/processed\calm_enhanced\classical_classical.00002_stretch_1.1.wav,calm,True,data/processed\calm\classical_classical.00002.wav
data/processed\calm_enhanced\classical_classical.00002_stretch_1.2.wav,calm,True,data/processed\calm\classical_classical.00002.wav
data/processed\calm_enhanced\classical_classical.00002_noise_0.005.wav,calm,True,data/processed\calm\classical_classical.00002.wav
data/processed\calm_enhanced\classical_classical.00002_noise_0.010.wav,calm,True,data/processed\calm\classical_classical.00002.wav
data/processed\calm_enhanced\classical_classical.00003_pitch_-2.wav,calm,True,data/processed\calm\classical_classical.00003.wav
data/processed\calm_enhanced\classical_classical.00003_pitch_-1.wav,calm,True,data/processed\calm\classical_classical.00003.wav
data/processed\calm_enhanced\classical_classical.00003_pitch_+1.wav,calm,True,data/processed\calm\classical_classical.00003.wav
data/processed\calm_enhanced\classical_classical.00003_pitch_+2.wav,calm,True,data/processed\calm\classical_classical.00003.wav
data/processed\calm_enhanced\classical_classical.00003_stretch_0.8.wav,calm,True,data/processed\calm\classical_classical.00003.wav
data/processed\calm_enhanced\classical_classical.00003_stretch_0.9.wav,calm,True,data/processed\calm\classical_classical.00003.wav
data/processed\calm_enhanced\classical_classical.00003_stretch_1.1.wav,calm,True,data/processed\calm\classical_classical.00003.wav
data/processed\calm_enhanced\classical_classical.00003_stretch_1.2.wav,calm,True,data/processed\calm\classical_classical.00003.wav
data/processed\calm_enhanced\classical_classical.00003_noise_0.005.wav,calm,True,data/processed\calm\classical_classical.00003.wav
data/processed\calm_enhanced\classical_classical.00003_noise_0.010.wav,calm,True,data/processed\calm\classical_classical.00003.wav
data/processed\calm_enhanced\classical_classical.00004_pitch_-2.wav,calm,True,data/processed\calm\classical_classical.00004.wav
data/processed\calm_enhanced\classical_classical.00004_pitch_-1.wav,calm,True,data/processed\calm\classical_classical.00004.wav
data/processed\calm_enhanced\classical_classical.00004_pitch_+1.wav,calm,True,data/processed\calm\classical_classical.00004.wav
data/processed\calm_enhanced\classical_classical.00004_pitch_+2.wav,calm,True,data/processed\calm\classical_classical.00004.wav
data/processed\calm_enhanced\classical_classical.00004_stretch_0.8.wav,calm,True,data/processed\calm\classical_classical.00004.wav
data/processed\calm_enhanced\classical_classical.00004_stretch_0.9.wav,calm,True,data/processed\calm\classical_classical.00004.wav
data/processed\calm_enhanced\classical_classical.00004_stretch_1.1.wav,calm,True,data/processed\calm\classical_classical.00004.wav
data/processed\calm_enhanced\classical_classical.00004_stretch_1.2.wav,calm,True,data/processed\calm\classical_classical.00004.wav
data/processed\calm_enhanced\classical_classical.00004_noise_0.005.wav,calm,True,data/processed\calm\classical_classical.00004.wav
data/processed\calm_enhanced\classical_classical.00004_noise_0.010.wav,calm,True,data/processed\calm\classical_classical.00004.wav
data/processed\calm_enhanced\classical_classical.00005_pitch_-2.wav,calm,True,data/processed\calm\classical_classical.00005.wav
data/processed\calm_enhanced\classical_classical.00005_pitch_-1.wav,calm,True,data/processed\calm\classical_classical.00005.wav
data/processed\calm_enhanced\classical_classical.00005_pitch_+1.wav,calm,True,data/processed\calm\classical_classical.00005.wav
data/processed\calm_enhanced\classical_classical.00005_pitch_+2.wav,calm,True,data/processed\calm\classical_classical.00005.wav
data/processed\calm_enhanced\classical_classical.00005_stretch_0.8.wav,calm,True,data/processed\calm\classical_classical.00005.wav
data/processed\calm_enhanced\classical_classical.00005_stretch_0.9.wav,calm,True,data/processed\calm\classical_classical.00005.wav
data/processed\calm_enhanced\classical_classical.00005_stretch_1.1.wav,calm,True,data/processed\calm\classical_classical.00005.wav
data/processed\calm_enhanced\classical_classical.00005_stretch_1.2.wav,calm,True,data/processed\calm\classical_classical.00005.wav
data/processed\calm_enhanced\classical_classical.00005_noise_0.005.wav,calm,True,data/processed\calm\classical_classical.00005.wav
data/processed\calm_enhanced\classical_classical.00005_noise_0.010.wav,calm,True,data/processed\calm\classical_classical.00005.wav
data/processed\calm_enhanced\classical_classical.00006_pitch_-2.wav,calm,True,data/processed\calm\classical_classical.00006.wav
data/processed\calm_enhanced\classical_classical.00006_pitch_-1.wav,calm,True,data/processed\calm\classical_classical.00006.wav
data/processed\calm_enhanced\classical_classical.00006_pitch_+1.wav,calm,True,data/processed\calm\classical_classical.00006.wav
data/processed\calm_enhanced\classical_classical.00006_pitch_+2.wav,calm,True,data/processed\calm\classical_classical.00006.wav
data/processed\calm_enhanced\classical_classical.00006_stretch_0.8.wav,calm,True,data/processed\calm\classical_classical.00006.wav
data/processed\calm_enhanced\classical_classical.00006_stretch_0.9.wav,calm,True,data/processed\calm\classical_classical.00006.wav
data/processed\calm_enhanced\classical_classical.00006_stretch_1.1.wav,calm,True,data/processed\calm\classical_classical.00006.wav
data/processed\calm_enhanced\classical_classical.00006_stretch_1.2.wav,calm,True,data/processed\calm\classical_classical.00006.wav
data/processed\calm_enhanced\classical_classical.00006_noise_0.005.wav,calm,True,data/processed\calm\classical_classical.00006.wav
data/processed\calm_enhanced\classical_classical.00006_noise_0.010.wav,calm,True,data/processed\calm\classical_classical.00006.wav
data/processed\calm_enhanced\classical_classical.00007_pitch_-2.wav,calm,True,data/processed\calm\classical_classical.00007.wav
data/processed\calm_enhanced\classical_classical.00007_pitch_-1.wav,calm,True,data/processed\calm\classical_classical.00007.wav
data/processed\calm_enhanced\classical_classical.00007_pitch_+1.wav,calm,True,data/processed\calm\classical_classical.00007.wav
data/processed\calm_enhanced\classical_classical.00007_pitch_+2.wav,calm,True,data/processed\calm\classical_classical.00007.wav
data/processed\calm_enhanced\classical_classical.00007_stretch_0.8.wav,calm,True,data/processed\calm\classical_classical.00007.wav
data/processed\calm_enhanced\classical_classical.00007_stretch_0.9.wav,calm,True,data/processed\calm\classical_classical.00007.wav
data/processed\calm_enhanced\classical_classical.00007_stretch_1.1.wav,calm,True,data/processed\calm\classical_classical.00007.wav
data/processed\calm_enhanced\classical_classical.00007_stretch_1.2.wav,calm,True,data/processed\calm\classical_classical.00007.wav
data/processed\calm_enhanced\classical_classical.00007_noise_0.005.wav,calm,True,data/processed\calm\classical_classical.00007.wav
data/processed\calm_enhanced\classical_classical.00007_noise_0.010.wav,calm,True,data/processed\calm\classical_classical.00007.wav
data/processed\calm_enhanced\classical_classical.00008_pitch_-2.wav,calm,True,data/processed\calm\classical_classical.00008.wav
data/processed\calm_enhanced\classical_classical.00008_pitch_-1.wav,calm,True,data/processed\calm\classical_classical.00008.wav
data/processed\calm_enhanced\classical_classical.00008_pitch_+1.wav,calm,True,data/processed\calm\classical_classical.00008.wav
data/processed\calm_enhanced\classical_classical.00008_pitch_+2.wav,calm,True,data/processed\calm\classical_classical.00008.wav
data/processed\calm_enhanced\classical_classical.00008_stretch_0.8.wav,calm,True,data/processed\calm\classical_classical.00008.wav
data/processed\calm_enhanced\classical_classical.00008_stretch_0.9.wav,calm,True,data/processed\calm\classical_classical.00008.wav
data/processed\calm_enhanced\classical_classical.00008_stretch_1.1.wav,calm,True,data/processed\calm\classical_classical.00008.wav
data/processed\calm_enhanced\classical_classical.00008_stretch_1.2.wav,calm,True,data/processed\calm\classical_classical.00008.wav
data/processed\calm_enhanced\classical_classical.00008_noise_0.005.wav,calm,True,data/processed\calm\classical_classical.00008.wav
data/processed\calm_enhanced\classical_classical.00008_noise_0.010.wav,calm,True,data/processed\calm\classical_classical.00008.wav
data/processed\calm_enhanced\classical_classical.00009_pitch_-2.wav,calm,True,data/processed\calm\classical_classical.00009.wav
data/processed\calm_enhanced\classical_classical.00009_pitch_-1.wav,calm,True,data/processed\calm\classical_classical.00009.wav
data/processed\calm_enhanced\classical_classical.00009_pitch_+1.wav,calm,True,data/processed\calm\classical_classical.00009.wav
data/processed\calm_enhanced\classical_classical.00009_pitch_+2.wav,calm,True,data/processed\calm\classical_classical.00009.wav
data/processed\calm_enhanced\classical_classical.00009_stretch_0.8.wav,calm,True,data/processed\calm\classical_classical.00009.wav
data/processed\calm_enhanced\classical_classical.00009_stretch_0.9.wav,calm,True,data/processed\calm\classical_classical.00009.wav
data/processed\calm_enhanced\classical_classical.00009_stretch_1.1.wav,calm,True,data/processed\calm\classical_classical.00009.wav
data/processed\calm_enhanced\classical_classical.00009_stretch_1.2.wav,calm,True,data/processed\calm\classical_classical.00009.wav
data/processed\calm_enhanced\classical_classical.00009_noise_0.005.wav,calm,True,data/processed\calm\classical_classical.00009.wav
data/processed\calm_enhanced\classical_classical.00009_noise_0.010.wav,calm,True,data/processed\calm\classical_classical.00009.wav
data/processed\calm_enhanced\classical_classical.00010_pitch_-2.wav,calm,True,data/processed\calm\classical_classical.00010.wav
data/processed\calm_enhanced\classical_classical.00010_pitch_-1.wav,calm,True,data/processed\calm\classical_classical.00010.wav
data/processed\calm_enhanced\classical_classical.00010_pitch_+1.wav,calm,True,data/processed\calm\classical_classical.00010.wav
data/processed\calm_enhanced\classical_classical.00010_pitch_+2.wav,calm,True,data/processed\calm\classical_classical.00010.wav
data/processed\calm_enhanced\classical_classical.00010_stretch_0.8.wav,calm,True,data/processed\calm\classical_classical.00010.wav
data/processed\calm_enhanced\classical_classical.00010_stretch_0.9.wav,calm,True,data/processed\calm\classical_classical.00010.wav
data/processed\calm_enhanced\classical_classical.00010_stretch_1.1.wav,calm,True,data/processed\calm\classical_classical.00010.wav
data/processed\calm_enhanced\classical_classical.00010_stretch_1.2.wav,calm,True,data/processed\calm\classical_classical.00010.wav
data/processed\calm_enhanced\classical_classical.00010_noise_0.005.wav,calm,True,data/processed\calm\classical_classical.00010.wav
data/processed\calm_enhanced\classical_classical.00010_noise_0.010.wav,calm,True,data/processed\calm\classical_classical.00010.wav
data/processed\calm_enhanced\classical_classical.00011_pitch_-2.wav,calm,True,data/processed\calm\classical_classical.00011.wav
data/processed\calm_enhanced\classical_classical.00011_pitch_-1.wav,calm,True,data/processed\calm\classical_classical.00011.wav
data/processed\calm_enhanced\classical_classical.00011_pitch_+1.wav,calm,True,data/processed\calm\classical_classical.00011.wav
data/processed\calm_enhanced\classical_classical.00011_pitch_+2.wav,calm,True,data/processed\calm\classical_classical.00011.wav
data/processed\calm_enhanced\classical_classical.00011_stretch_0.8.wav,calm,True,data/processed\calm\classical_classical.00011.wav
data/processed\calm_enhanced\classical_classical.00011_stretch_0.9.wav,calm,True,data/processed\calm\classical_classical.00011.wav
data/processed\calm_enhanced\classical_classical.00011_stretch_1.1.wav,calm,True,data/processed\calm\classical_classical.00011.wav
data/processed\calm_enhanced\classical_classical.00011_stretch_1.2.wav,calm,True,data/processed\calm\classical_classical.00011.wav
data/processed\calm_enhanced\classical_classical.00011_noise_0.005.wav,calm,True,data/processed\calm\classical_classical.00011.wav
data/processed\calm_enhanced\classical_classical.00011_noise_0.010.wav,calm,True,data/processed\calm\classical_classical.00011.wav
data/processed\calm_enhanced\classical_classical.00012_pitch_-2.wav,calm,True,data/processed\calm\classical_classical.00012.wav
data/processed\calm_enhanced\classical_classical.00012_pitch_-1.wav,calm,True,data/processed\calm\classical_classical.00012.wav
data/processed\calm_enhanced\classical_classical.00012_pitch_+1.wav,calm,True,data/processed\calm\classical_classical.00012.wav
data/processed\calm_enhanced\classical_classical.00012_pitch_+2.wav,calm,True,data/processed\calm\classical_classical.00012.wav
data/processed\calm_enhanced\classical_classical.00012_stretch_0.8.wav,calm,True,data/processed\calm\classical_classical.00012.wav
data/processed\calm_enhanced\classical_classical.00012_stretch_0.9.wav,calm,True,data/processed\calm\classical_classical.00012.wav
data/processed\calm_enhanced\classical_classical.00012_stretch_1.1.wav,calm,True,data/processed\calm\classical_classical.00012.wav
data/processed\calm_enhanced\classical_classical.00012_stretch_1.2.wav,calm,True,data/processed\calm\classical_classical.00012.wav
data/processed\calm_enhanced\classical_classical.00012_noise_0.005.wav,calm,True,data/processed\calm\classical_classical.00012.wav
data/processed\calm_enhanced\classical_classical.00012_noise_0.010.wav,calm,True,data/processed\calm\classical_classical.00012.wav
data/processed\calm_enhanced\classical_classical.00013_pitch_-2.wav,calm,True,data/processed\calm\classical_classical.00013.wav
data/processed\calm_enhanced\classical_classical.00013_pitch_-1.wav,calm,True,data/processed\calm\classical_classical.00013.wav
data/processed\calm_enhanced\classical_classical.00013_pitch_+1.wav,calm,True,data/processed\calm\classical_classical.00013.wav
data/processed\calm_enhanced\classical_classical.00013_pitch_+2.wav,calm,True,data/processed\calm\classical_classical.00013.wav
data/processed\calm_enhanced\classical_classical.00013_stretch_0.8.wav,calm,True,data/processed\calm\classical_classical.00013.wav
data/processed\calm_enhanced\classical_classical.00013_stretch_0.9.wav,calm,True,data/processed\calm\classical_classical.00013.wav
data/processed\calm_enhanced\classical_classical.00013_stretch_1.1.wav,calm,True,data/processed\calm\classical_classical.00013.wav
data/processed\calm_enhanced\classical_classical.00013_stretch_1.2.wav,calm,True,data/processed\calm\classical_classical.00013.wav
data/processed\calm_enhanced\classical_classical.00013_noise_0.005.wav,calm,True,data/processed\calm\classical_classical.00013.wav
data/processed\calm_enhanced\classical_classical.00013_noise_0.010.wav,calm,True,data/processed\calm\classical_classical.00013.wav
data/processed\calm_enhanced\classical_classical.00014_pitch_-2.wav,calm,True,data/processed\calm\classical_classical.00014.wav
data/processed\calm_enhanced\classical_classical.00014_pitch_-1.wav,calm,True,data/processed\calm\classical_classical.00014.wav
data/processed\calm_enhanced\classical_classical.00014_pitch_+1.wav,calm,True,data/processed\calm\classical_classical.00014.wav
data/processed\calm_enhanced\classical_classical.00014_pitch_+2.wav,calm,True,data/processed\calm\classical_classical.00014.wav
data/processed\calm_enhanced\classical_classical.00014_stretch_0.8.wav,calm,True,data/processed\calm\classical_classical.00014.wav
data/processed\calm_enhanced\classical_classical.00014_stretch_0.9.wav,calm,True,data/processed\calm\classical_classical.00014.wav
data/processed\calm_enhanced\classical_classical.00014_stretch_1.1.wav,calm,True,data/processed\calm\classical_classical.00014.wav
data/processed\calm_enhanced\classical_classical.00014_stretch_1.2.wav,calm,True,data/processed\calm\classical_classical.00014.wav
data/processed\calm_enhanced\classical_classical.00014_noise_0.005.wav,calm,True,data/processed\calm\classical_classical.00014.wav
data/processed\calm_enhanced\classical_classical.00014_noise_0.010.wav,calm,True,data/processed\calm\classical_classical.00014.wav
data/processed\calm_enhanced\classical_classical.00015_pitch_-2.wav,calm,True,data/processed\calm\classical_classical.00015.wav
data/processed\calm_enhanced\classical_classical.00015_pitch_-1.wav,calm,True,data/processed\calm\classical_classical.00015.wav
data/processed\calm_enhanced\classical_classical.00015_pitch_+1.wav,calm,True,data/processed\calm\classical_classical.00015.wav
data/processed\calm_enhanced\classical_classical.00015_pitch_+2.wav,calm,True,data/processed\calm\classical_classical.00015.wav
data/processed\calm_enhanced\classical_classical.00015_stretch_0.8.wav,calm,True,data/processed\calm\classical_classical.00015.wav
data/processed\calm_enhanced\classical_classical.00015_stretch_0.9.wav,calm,True,data/processed\calm\classical_classical.00015.wav
data/processed\calm_enhanced\classical_classical.00015_stretch_1.1.wav,calm,True,data/processed\calm\classical_classical.00015.wav
data/processed\calm_enhanced\classical_classical.00015_stretch_1.2.wav,calm,True,data/processed\calm\classical_classical.00015.wav
data/processed\calm_enhanced\classical_classical.00015_noise_0.005.wav,calm,True,data/processed\calm\classical_classical.00015.wav
data/processed\calm_enhanced\classical_classical.00015_noise_0.010.wav,calm,True,data/processed\calm\classical_classical.00015.wav
data/processed\calm_enhanced\classical_classical.00016_pitch_-2.wav,calm,True,data/processed\calm\classical_classical.00016.wav
data/processed\calm_enhanced\classical_classical.00016_pitch_-1.wav,calm,True,data/processed\calm\classical_classical.00016.wav
data/processed\calm_enhanced\classical_classical.00016_pitch_+1.wav,calm,True,data/processed\calm\classical_classical.00016.wav
data/processed\calm_enhanced\classical_classical.00016_pitch_+2.wav,calm,True,data/processed\calm\classical_classical.00016.wav
data/processed\calm_enhanced\classical_classical.00016_stretch_0.8.wav,calm,True,data/processed\calm\classical_classical.00016.wav
data/processed\calm_enhanced\classical_classical.00016_stretch_0.9.wav,calm,True,data/processed\calm\classical_classical.00016.wav
data/processed\calm_enhanced\classical_classical.00016_stretch_1.1.wav,calm,True,data/processed\calm\classical_classical.00016.wav
data/processed\calm_enhanced\classical_classical.00016_stretch_1.2.wav,calm,True,data/processed\calm\classical_classical.00016.wav
data/processed\calm_enhanced\classical_classical.00016_noise_0.005.wav,calm,True,data/processed\calm\classical_classical.00016.wav
data/processed\calm_enhanced\classical_classical.00016_noise_0.010.wav,calm,True,data/processed\calm\classical_classical.00016.wav
data/processed\calm_enhanced\classical_classical.00017_pitch_-2.wav,calm,True,data/processed\calm\classical_classical.00017.wav
data/processed\calm_enhanced\classical_classical.00017_pitch_-1.wav,calm,True,data/processed\calm\classical_classical.00017.wav
data/processed\calm_enhanced\classical_classical.00017_pitch_+1.wav,calm,True,data/processed\calm\classical_classical.00017.wav
data/processed\calm_enhanced\classical_classical.00017_pitch_+2.wav,calm,True,data/processed\calm\classical_classical.00017.wav
data/processed\calm_enhanced\classical_classical.00017_stretch_0.8.wav,calm,True,data/processed\calm\classical_classical.00017.wav
data/processed\calm_enhanced\classical_classical.00017_stretch_0.9.wav,calm,True,data/processed\calm\classical_classical.00017.wav
data/processed\calm_enhanced\classical_classical.00017_stretch_1.1.wav,calm,True,data/processed\calm\classical_classical.00017.wav
data/processed\calm_enhanced\classical_classical.00017_stretch_1.2.wav,calm,True,data/processed\calm\classical_classical.00017.wav
data/processed\calm_enhanced\classical_classical.00017_noise_0.005.wav,calm,True,data/processed\calm\classical_classical.00017.wav
data/processed\calm_enhanced\classical_classical.00017_noise_0.010.wav,calm,True,data/processed\calm\classical_classical.00017.wav
data/processed\calm_enhanced\classical_classical.00018_pitch_-2.wav,calm,True,data/processed\calm\classical_classical.00018.wav
data/processed\calm_enhanced\classical_classical.00018_pitch_-1.wav,calm,True,data/processed\calm\classical_classical.00018.wav
data/processed\calm_enhanced\classical_classical.00018_pitch_+1.wav,calm,True,data/processed\calm\classical_classical.00018.wav
data/processed\calm_enhanced\classical_classical.00018_pitch_+2.wav,calm,True,data/processed\calm\classical_classical.00018.wav
data/processed\calm_enhanced\classical_classical.00018_stretch_0.8.wav,calm,True,data/processed\calm\classical_classical.00018.wav
data/processed\calm_enhanced\classical_classical.00018_stretch_0.9.wav,calm,True,data/processed\calm\classical_classical.00018.wav
data/processed\calm_enhanced\classical_classical.00018_stretch_1.1.wav,calm,True,data/processed\calm\classical_classical.00018.wav
data/processed\calm_enhanced\classical_classical.00018_stretch_1.2.wav,calm,True,data/processed\calm\classical_classical.00018.wav
data/processed\calm_enhanced\classical_classical.00018_noise_0.005.wav,calm,True,data/processed\calm\classical_classical.00018.wav
data/processed\calm_enhanced\classical_classical.00018_noise_0.010.wav,calm,True,data/processed\calm\classical_classical.00018.wav
data/processed\calm_enhanced\classical_classical.00019_pitch_-2.wav,calm,True,data/processed\calm\classical_classical.00019.wav
data/processed\calm_enhanced\classical_classical.00019_pitch_-1.wav,calm,True,data/processed\calm\classical_classical.00019.wav
data/processed\calm_enhanced\classical_classical.00019_pitch_+1.wav,calm,True,data/processed\calm\classical_classical.00019.wav
data/processed\calm_enhanced\classical_classical.00019_pitch_+2.wav,calm,True,data/processed\calm\classical_classical.00019.wav
data/processed\calm_enhanced\classical_classical.00019_stretch_0.8.wav,calm,True,data/processed\calm\classical_classical.00019.wav
data/processed\calm_enhanced\classical_classical.00019_stretch_0.9.wav,calm,True,data/processed\calm\classical_classical.00019.wav
data/processed\calm_enhanced\classical_classical.00019_stretch_1.1.wav,calm,True,data/processed\calm\classical_classical.00019.wav
data/processed\calm_enhanced\classical_classical.00019_stretch_1.2.wav,calm,True,data/processed\calm\classical_classical.00019.wav
data/processed\calm_enhanced\classical_classical.00019_noise_0.005.wav,calm,True,data/processed\calm\classical_classical.00019.wav
data/processed\calm_enhanced\classical_classical.00019_noise_0.010.wav,calm,True,data/processed\calm\classical_classical.00019.wav
data/processed\calm_enhanced\classical_classical.00020_pitch_-2.wav,calm,True,data/processed\calm\classical_classical.00020.wav
data/processed\calm_enhanced\classical_classical.00020_pitch_-1.wav,calm,True,data/processed\calm\classical_classical.00020.wav
data/processed\calm_enhanced\classical_classical.00020_pitch_+1.wav,calm,True,data/processed\calm\classical_classical.00020.wav
data/processed\calm_enhanced\classical_classical.00020_pitch_+2.wav,calm,True,data/processed\calm\classical_classical.00020.wav
data/processed\calm_enhanced\classical_classical.00020_stretch_0.8.wav,calm,True,data/processed\calm\classical_classical.00020.wav
data/processed\calm_enhanced\classical_classical.00020_stretch_0.9.wav,calm,True,data/processed\calm\classical_classical.00020.wav
data/processed\calm_enhanced\classical_classical.00020_stretch_1.1.wav,calm,True,data/processed\calm\classical_classical.00020.wav
data/processed\calm_enhanced\classical_classical.00020_stretch_1.2.wav,calm,True,data/processed\calm\classical_classical.00020.wav
data/processed\calm_enhanced\classical_classical.00020_noise_0.005.wav,calm,True,data/processed\calm\classical_classical.00020.wav
data/processed\calm_enhanced\classical_classical.00020_noise_0.010.wav,calm,True,data/processed\calm\classical_classical.00020.wav
data/processed\calm_enhanced\classical_classical.00021_pitch_-2.wav,calm,True,data/processed\calm\classical_classical.00021.wav
data/processed\calm_enhanced\classical_classical.00021_pitch_-1.wav,calm,True,data/processed\calm\classical_classical.00021.wav
data/processed\calm_enhanced\classical_classical.00021_pitch_+1.wav,calm,True,data/processed\calm\classical_classical.00021.wav
data/processed\calm_enhanced\classical_classical.00021_pitch_+2.wav,calm,True,data/processed\calm\classical_classical.00021.wav
data/processed\calm_enhanced\classical_classical.00021_stretch_0.8.wav,calm,True,data/processed\calm\classical_classical.00021.wav
data/processed\calm_enhanced\classical_classical.00021_stretch_0.9.wav,calm,True,data/processed\calm\classical_classical.00021.wav
data/processed\calm_enhanced\classical_classical.00021_stretch_1.1.wav,calm,True,data/processed\calm\classical_classical.00021.wav
data/processed\calm_enhanced\classical_classical.00021_stretch_1.2.wav,calm,True,data/processed\calm\classical_classical.00021.wav
data/processed\calm_enhanced\classical_classical.00021_noise_0.005.wav,calm,True,data/processed\calm\classical_classical.00021.wav
data/processed\calm_enhanced\classical_classical.00021_noise_0.010.wav,calm,True,data/processed\calm\classical_classical.00021.wav
data/processed\calm_enhanced\classical_classical.00022_pitch_-2.wav,calm,True,data/processed\calm\classical_classical.00022.wav
data/processed\calm_enhanced\classical_classical.00022_pitch_-1.wav,calm,True,data/processed\calm\classical_classical.00022.wav
data/processed\calm_enhanced\classical_classical.00022_pitch_+1.wav,calm,True,data/processed\calm\classical_classical.00022.wav
data/processed\calm_enhanced\classical_classical.00022_pitch_+2.wav,calm,True,data/processed\calm\classical_classical.00022.wav
data/processed\calm_enhanced\classical_classical.00022_stretch_0.8.wav,calm,True,data/processed\calm\classical_classical.00022.wav
data/processed\calm_enhanced\classical_classical.00022_stretch_0.9.wav,calm,True,data/processed\calm\classical_classical.00022.wav
data/processed\calm_enhanced\classical_classical.00022_stretch_1.1.wav,calm,True,data/processed\calm\classical_classical.00022.wav
data/processed\calm_enhanced\classical_classical.00022_stretch_1.2.wav,calm,True,data/processed\calm\classical_classical.00022.wav
data/processed\calm_enhanced\classical_classical.00022_noise_0.005.wav,calm,True,data/processed\calm\classical_classical.00022.wav
data/processed\calm_enhanced\classical_classical.00022_noise_0.010.wav,calm,True,data/processed\calm\classical_classical.00022.wav
data/processed\calm_enhanced\classical_classical.00023_pitch_-2.wav,calm,True,data/processed\calm\classical_classical.00023.wav
data/processed\calm_enhanced\classical_classical.00023_pitch_-1.wav,calm,True,data/processed\calm\classical_classical.00023.wav
data/processed\calm_enhanced\classical_classical.00023_pitch_+1.wav,calm,True,data/processed\calm\classical_classical.00023.wav
data/processed\calm_enhanced\classical_classical.00023_pitch_+2.wav,calm,True,data/processed\calm\classical_classical.00023.wav
data/processed\calm_enhanced\classical_classical.00023_stretch_0.8.wav,calm,True,data/processed\calm\classical_classical.00023.wav
data/processed\calm_enhanced\classical_classical.00023_stretch_0.9.wav,calm,True,data/processed\calm\classical_classical.00023.wav
data/processed\calm_enhanced\classical_classical.00023_stretch_1.1.wav,calm,True,data/processed\calm\classical_classical.00023.wav
data/processed\calm_enhanced\classical_classical.00023_stretch_1.2.wav,calm,True,data/processed\calm\classical_classical.00023.wav
data/processed\calm_enhanced\classical_classical.00023_noise_0.005.wav,calm,True,data/processed\calm\classical_classical.00023.wav
data/processed\calm_enhanced\classical_classical.00023_noise_0.010.wav,calm,True,data/processed\calm\classical_classical.00023.wav
data/processed\calm_enhanced\classical_classical.00024_pitch_-2.wav,calm,True,data/processed\calm\classical_classical.00024.wav
data/processed\calm_enhanced\classical_classical.00024_pitch_-1.wav,calm,True,data/processed\calm\classical_classical.00024.wav
data/processed\calm_enhanced\classical_classical.00024_pitch_+1.wav,calm,True,data/processed\calm\classical_classical.00024.wav
data/processed\calm_enhanced\classical_classical.00024_pitch_+2.wav,calm,True,data/processed\calm\classical_classical.00024.wav
data/processed\calm_enhanced\classical_classical.00024_stretch_0.8.wav,calm,True,data/processed\calm\classical_classical.00024.wav
data/processed\calm_enhanced\classical_classical.00024_stretch_0.9.wav,calm,True,data/processed\calm\classical_classical.00024.wav
data/processed\calm_enhanced\classical_classical.00024_stretch_1.1.wav,calm,True,data/processed\calm\classical_classical.00024.wav
data/processed\calm_enhanced\classical_classical.00024_stretch_1.2.wav,calm,True,data/processed\calm\classical_classical.00024.wav
data/processed\calm_enhanced\classical_classical.00024_noise_0.005.wav,calm,True,data/processed\calm\classical_classical.00024.wav
data/processed\calm_enhanced\classical_classical.00024_noise_0.010.wav,calm,True,data/processed\calm\classical_classical.00024.wav
data/processed\calm_enhanced\classical_classical.00025_pitch_-2.wav,calm,True,data/processed\calm\classical_classical.00025.wav
data/processed\calm_enhanced\classical_classical.00025_pitch_-1.wav,calm,True,data/processed\calm\classical_classical.00025.wav
data/processed\calm_enhanced\classical_classical.00025_pitch_+1.wav,calm,True,data/processed\calm\classical_classical.00025.wav
data/processed\calm_enhanced\classical_classical.00025_pitch_+2.wav,calm,True,data/processed\calm\classical_classical.00025.wav
data/processed\calm_enhanced\classical_classical.00025_stretch_0.8.wav,calm,True,data/processed\calm\classical_classical.00025.wav
data/processed\calm_enhanced\classical_classical.00025_stretch_0.9.wav,calm,True,data/processed\calm\classical_classical.00025.wav
data/processed\calm_enhanced\classical_classical.00025_stretch_1.1.wav,calm,True,data/processed\calm\classical_classical.00025.wav
data/processed\calm_enhanced\classical_classical.00025_stretch_1.2.wav,calm,True,data/processed\calm\classical_classical.00025.wav
data/processed\calm_enhanced\classical_classical.00025_noise_0.005.wav,calm,True,data/processed\calm\classical_classical.00025.wav
data/processed\calm_enhanced\classical_classical.00025_noise_0.010.wav,calm,True,data/processed\calm\classical_classical.00025.wav
data/processed\calm_enhanced\classical_classical.00026_pitch_-2.wav,calm,True,data/processed\calm\classical_classical.00026.wav
data/processed\calm_enhanced\classical_classical.00026_pitch_-1.wav,calm,True,data/processed\calm\classical_classical.00026.wav
data/processed\calm_enhanced\classical_classical.00026_pitch_+1.wav,calm,True,data/processed\calm\classical_classical.00026.wav
data/processed\calm_enhanced\classical_classical.00026_pitch_+2.wav,calm,True,data/processed\calm\classical_classical.00026.wav
data/processed\calm_enhanced\classical_classical.00026_stretch_0.8.wav,calm,True,data/processed\calm\classical_classical.00026.wav
data/processed\calm_enhanced\classical_classical.00026_stretch_0.9.wav,calm,True,data/processed\calm\classical_classical.00026.wav
data/processed\calm_enhanced\classical_classical.00026_stretch_1.1.wav,calm,True,data/processed\calm\classical_classical.00026.wav
data/processed\calm_enhanced\classical_classical.00026_stretch_1.2.wav,calm,True,data/processed\calm\classical_classical.00026.wav
data/processed\calm_enhanced\classical_classical.00026_noise_0.005.wav,calm,True,data/processed\calm\classical_classical.00026.wav
data/processed\calm_enhanced\classical_classical.00026_noise_0.010.wav,calm,True,data/processed\calm\classical_classical.00026.wav
data/processed\calm_enhanced\classical_classical.00027_pitch_-2.wav,calm,True,data/processed\calm\classical_classical.00027.wav
data/processed\calm_enhanced\classical_classical.00027_pitch_-1.wav,calm,True,data/processed\calm\classical_classical.00027.wav
data/processed\calm_enhanced\classical_classical.00027_pitch_+1.wav,calm,True,data/processed\calm\classical_classical.00027.wav
data/processed\calm_enhanced\classical_classical.00027_pitch_+2.wav,calm,True,data/processed\calm\classical_classical.00027.wav
data/processed\calm_enhanced\classical_classical.00027_stretch_0.8.wav,calm,True,data/processed\calm\classical_classical.00027.wav
data/processed\calm_enhanced\classical_classical.00027_stretch_0.9.wav,calm,True,data/processed\calm\classical_classical.00027.wav
data/processed\calm_enhanced\classical_classical.00027_stretch_1.1.wav,calm,True,data/processed\calm\classical_classical.00027.wav
data/processed\calm_enhanced\classical_classical.00027_stretch_1.2.wav,calm,True,data/processed\calm\classical_classical.00027.wav
data/processed\calm_enhanced\classical_classical.00027_noise_0.005.wav,calm,True,data/processed\calm\classical_classical.00027.wav
data/processed\calm_enhanced\classical_classical.00027_noise_0.010.wav,calm,True,data/processed\calm\classical_classical.00027.wav
data/processed\calm_enhanced\classical_classical.00028_pitch_-2.wav,calm,True,data/processed\calm\classical_classical.00028.wav
data/processed\calm_enhanced\classical_classical.00028_pitch_-1.wav,calm,True,data/processed\calm\classical_classical.00028.wav
data/processed\calm_enhanced\classical_classical.00028_pitch_+1.wav,calm,True,data/processed\calm\classical_classical.00028.wav
data/processed\calm_enhanced\classical_classical.00028_pitch_+2.wav,calm,True,data/processed\calm\classical_classical.00028.wav
data/processed\calm_enhanced\classical_classical.00028_stretch_0.8.wav,calm,True,data/processed\calm\classical_classical.00028.wav
data/processed\calm_enhanced\classical_classical.00028_stretch_0.9.wav,calm,True,data/processed\calm\classical_classical.00028.wav
data/processed\calm_enhanced\classical_classical.00028_stretch_1.1.wav,calm,True,data/processed\calm\classical_classical.00028.wav
data/processed\calm_enhanced\classical_classical.00028_stretch_1.2.wav,calm,True,data/processed\calm\classical_classical.00028.wav
data/processed\calm_enhanced\classical_classical.00028_noise_0.005.wav,calm,True,data/processed\calm\classical_classical.00028.wav
data/processed\calm_enhanced\classical_classical.00028_noise_0.010.wav,calm,True,data/processed\calm\classical_classical.00028.wav
data/processed\calm_enhanced\classical_classical.00029_pitch_-2.wav,calm,True,data/processed\calm\classical_classical.00029.wav
data/processed\calm_enhanced\classical_classical.00029_pitch_-1.wav,calm,True,data/processed\calm\classical_classical.00029.wav
data/processed\calm_enhanced\classical_classical.00029_pitch_+1.wav,calm,True,data/processed\calm\classical_classical.00029.wav
data/processed\calm_enhanced\classical_classical.00029_pitch_+2.wav,calm,True,data/processed\calm\classical_classical.00029.wav
data/processed\calm_enhanced\classical_classical.00029_stretch_0.8.wav,calm,True,data/processed\calm\classical_classical.00029.wav
data/processed\calm_enhanced\classical_classical.00029_stretch_0.9.wav,calm,True,data/processed\calm\classical_classical.00029.wav
data/processed\calm_enhanced\classical_classical.00029_stretch_1.1.wav,calm,True,data/processed\calm\classical_classical.00029.wav
data/processed\calm_enhanced\classical_classical.00029_stretch_1.2.wav,calm,True,data/processed\calm\classical_classical.00029.wav
data/processed\calm_enhanced\classical_classical.00029_noise_0.005.wav,calm,True,data/processed\calm\classical_classical.00029.wav
data/processed\calm_enhanced\classical_classical.00029_noise_0.010.wav,calm,True,data/processed\calm\classical_classical.00029.wav
data/processed\calm_enhanced\classical_classical.00030_pitch_-2.wav,calm,True,data/processed\calm\classical_classical.00030.wav
data/processed\calm_enhanced\classical_classical.00030_pitch_-1.wav,calm,True,data/processed\calm\classical_classical.00030.wav
data/processed\calm_enhanced\classical_classical.00030_pitch_+1.wav,calm,True,data/processed\calm\classical_classical.00030.wav
data/processed\calm_enhanced\classical_classical.00030_pitch_+2.wav,calm,True,data/processed\calm\classical_classical.00030.wav
data/processed\calm_enhanced\classical_classical.00030_stretch_0.8.wav,calm,True,data/processed\calm\classical_classical.00030.wav
data/processed\calm_enhanced\classical_classical.00030_stretch_0.9.wav,calm,True,data/processed\calm\classical_classical.00030.wav
data/processed\calm_enhanced\classical_classical.00030_stretch_1.1.wav,calm,True,data/processed\calm\classical_classical.00030.wav
data/processed\calm_enhanced\classical_classical.00030_stretch_1.2.wav,calm,True,data/processed\calm\classical_classical.00030.wav
data/processed\calm_enhanced\classical_classical.00030_noise_0.005.wav,calm,True,data/processed\calm\classical_classical.00030.wav
data/processed\calm_enhanced\classical_classical.00030_noise_0.010.wav,calm,True,data/processed\calm\classical_classical.00030.wav
data/processed\calm_enhanced\classical_classical.00031_pitch_-2.wav,calm,True,data/processed\calm\classical_classical.00031.wav
data/processed\calm_enhanced\classical_classical.00031_pitch_-1.wav,calm,True,data/processed\calm\classical_classical.00031.wav
data/processed\calm_enhanced\classical_classical.00031_pitch_+1.wav,calm,True,data/processed\calm\classical_classical.00031.wav
data/processed\calm_enhanced\classical_classical.00031_pitch_+2.wav,calm,True,data/processed\calm\classical_classical.00031.wav
data/processed\calm_enhanced\classical_classical.00031_stretch_0.8.wav,calm,True,data/processed\calm\classical_classical.00031.wav
data/processed\calm_enhanced\classical_classical.00031_stretch_0.9.wav,calm,True,data/processed\calm\classical_classical.00031.wav
data/processed\calm_enhanced\classical_classical.00031_stretch_1.1.wav,calm,True,data/processed\calm\classical_classical.00031.wav
data/processed\calm_enhanced\classical_classical.00031_stretch_1.2.wav,calm,True,data/processed\calm\classical_classical.00031.wav
data/processed\calm_enhanced\classical_classical.00031_noise_0.005.wav,calm,True,data/processed\calm\classical_classical.00031.wav
data/processed\calm_enhanced\classical_classical.00031_noise_0.010.wav,calm,True,data/processed\calm\classical_classical.00031.wav
data/processed\calm_enhanced\classical_classical.00032_pitch_-2.wav,calm,True,data/processed\calm\classical_classical.00032.wav
data/processed\calm_enhanced\classical_classical.00032_pitch_-1.wav,calm,True,data/processed\calm\classical_classical.00032.wav
data/processed\calm_enhanced\classical_classical.00032_pitch_+1.wav,calm,True,data/processed\calm\classical_classical.00032.wav
data/processed\calm_enhanced\classical_classical.00032_pitch_+2.wav,calm,True,data/processed\calm\classical_classical.00032.wav
data/processed\calm_enhanced\classical_classical.00032_stretch_0.8.wav,calm,True,data/processed\calm\classical_classical.00032.wav
data/processed\calm_enhanced\classical_classical.00032_stretch_0.9.wav,calm,True,data/processed\calm\classical_classical.00032.wav
data/processed\calm_enhanced\classical_classical.00032_stretch_1.1.wav,calm,True,data/processed\calm\classical_classical.00032.wav
data/processed\calm_enhanced\classical_classical.00032_stretch_1.2.wav,calm,True,data/processed\calm\classical_classical.00032.wav
data/processed\calm_enhanced\classical_classical.00032_noise_0.005.wav,calm,True,data/processed\calm\classical_classical.00032.wav
data/processed\calm_enhanced\classical_classical.00032_noise_0.010.wav,calm,True,data/processed\calm\classical_classical.00032.wav
data/processed\calm_enhanced\classical_classical.00033_pitch_-2.wav,calm,True,data/processed\calm\classical_classical.00033.wav
data/processed\calm_enhanced\classical_classical.00033_pitch_-1.wav,calm,True,data/processed\calm\classical_classical.00033.wav
data/processed\calm_enhanced\classical_classical.00033_pitch_+1.wav,calm,True,data/processed\calm\classical_classical.00033.wav
data/processed\calm_enhanced\classical_classical.00033_pitch_+2.wav,calm,True,data/processed\calm\classical_classical.00033.wav
data/processed\calm_enhanced\classical_classical.00033_stretch_0.8.wav,calm,True,data/processed\calm\classical_classical.00033.wav
data/processed\calm_enhanced\classical_classical.00033_stretch_0.9.wav,calm,True,data/processed\calm\classical_classical.00033.wav
data/processed\calm_enhanced\classical_classical.00033_stretch_1.1.wav,calm,True,data/processed\calm\classical_classical.00033.wav
data/processed\calm_enhanced\classical_classical.00033_stretch_1.2.wav,calm,True,data/processed\calm\classical_classical.00033.wav
data/processed\calm_enhanced\classical_classical.00033_noise_0.005.wav,calm,True,data/processed\calm\classical_classical.00033.wav
data/processed\calm_enhanced\classical_classical.00033_noise_0.010.wav,calm,True,data/processed\calm\classical_classical.00033.wav
data/processed\calm_enhanced\classical_classical.00034_pitch_-2.wav,calm,True,data/processed\calm\classical_classical.00034.wav
data/processed\calm_enhanced\classical_classical.00034_pitch_-1.wav,calm,True,data/processed\calm\classical_classical.00034.wav
data/processed\calm_enhanced\classical_classical.00034_pitch_+1.wav,calm,True,data/processed\calm\classical_classical.00034.wav
data/processed\calm_enhanced\classical_classical.00034_pitch_+2.wav,calm,True,data/processed\calm\classical_classical.00034.wav
data/processed\calm_enhanced\classical_classical.00034_stretch_0.8.wav,calm,True,data/processed\calm\classical_classical.00034.wav
data/processed\calm_enhanced\classical_classical.00034_stretch_0.9.wav,calm,True,data/processed\calm\classical_classical.00034.wav
data/processed\calm_enhanced\classical_classical.00034_stretch_1.1.wav,calm,True,data/processed\calm\classical_classical.00034.wav
data/processed\calm_enhanced\classical_classical.00034_stretch_1.2.wav,calm,True,data/processed\calm\classical_classical.00034.wav
data/processed\calm_enhanced\classical_classical.00034_noise_0.005.wav,calm,True,data/processed\calm\classical_classical.00034.wav
data/processed\calm_enhanced\classical_classical.00034_noise_0.010.wav,calm,True,data/processed\calm\classical_classical.00034.wav
data/processed\calm_enhanced\classical_classical.00035_pitch_-2.wav,calm,True,data/processed\calm\classical_classical.00035.wav
data/processed\calm_enhanced\classical_classical.00035_pitch_-1.wav,calm,True,data/processed\calm\classical_classical.00035.wav
data/processed\calm_enhanced\classical_classical.00035_pitch_+1.wav,calm,True,data/processed\calm\classical_classical.00035.wav
data/processed\calm_enhanced\classical_classical.00035_pitch_+2.wav,calm,True,data/processed\calm\classical_classical.00035.wav
data/processed\calm_enhanced\classical_classical.00035_stretch_0.8.wav,calm,True,data/processed\calm\classical_classical.00035.wav
data/processed\calm_enhanced\classical_classical.00035_stretch_0.9.wav,calm,True,data/processed\calm\classical_classical.00035.wav
data/processed\calm_enhanced\classical_classical.00035_stretch_1.1.wav,calm,True,data/processed\calm\classical_classical.00035.wav
data/processed\calm_enhanced\classical_classical.00035_stretch_1.2.wav,calm,True,data/processed\calm\classical_classical.00035.wav
data/processed\calm_enhanced\classical_classical.00035_noise_0.005.wav,calm,True,data/processed\calm\classical_classical.00035.wav
data/processed\calm_enhanced\classical_classical.00035_noise_0.010.wav,calm,True,data/processed\calm\classical_classical.00035.wav
data/processed\calm_enhanced\classical_classical.00036_pitch_-2.wav,calm,True,data/processed\calm\classical_classical.00036.wav
data/processed\calm_enhanced\classical_classical.00036_pitch_-1.wav,calm,True,data/processed\calm\classical_classical.00036.wav
data/processed\calm_enhanced\classical_classical.00036_pitch_+1.wav,calm,True,data/processed\calm\classical_classical.00036.wav
data/processed\calm_enhanced\classical_classical.00036_pitch_+2.wav,calm,True,data/processed\calm\classical_classical.00036.wav
data/processed\calm_enhanced\classical_classical.00036_stretch_0.8.wav,calm,True,data/processed\calm\classical_classical.00036.wav
data/processed\calm_enhanced\classical_classical.00036_stretch_0.9.wav,calm,True,data/processed\calm\classical_classical.00036.wav
data/processed\calm_enhanced\classical_classical.00036_stretch_1.1.wav,calm,True,data/processed\calm\classical_classical.00036.wav
data/processed\calm_enhanced\classical_classical.00036_stretch_1.2.wav,calm,True,data/processed\calm\classical_classical.00036.wav
data/processed\calm_enhanced\classical_classical.00036_noise_0.005.wav,calm,True,data/processed\calm\classical_classical.00036.wav
data/processed\calm_enhanced\classical_classical.00036_noise_0.010.wav,calm,True,data/processed\calm\classical_classical.00036.wav
data/processed\calm_enhanced\classical_classical.00037_pitch_-2.wav,calm,True,data/processed\calm\classical_classical.00037.wav
data/processed\calm_enhanced\classical_classical.00037_pitch_-1.wav,calm,True,data/processed\calm\classical_classical.00037.wav
data/processed\calm_enhanced\classical_classical.00037_pitch_+1.wav,calm,True,data/processed\calm\classical_classical.00037.wav
data/processed\calm_enhanced\classical_classical.00037_pitch_+2.wav,calm,True,data/processed\calm\classical_classical.00037.wav
data/processed\calm_enhanced\classical_classical.00037_stretch_0.8.wav,calm,True,data/processed\calm\classical_classical.00037.wav
data/processed\calm_enhanced\classical_classical.00037_stretch_0.9.wav,calm,True,data/processed\calm\classical_classical.00037.wav
data/processed\calm_enhanced\classical_classical.00037_stretch_1.1.wav,calm,True,data/processed\calm\classical_classical.00037.wav
data/processed\calm_enhanced\classical_classical.00037_stretch_1.2.wav,calm,True,data/processed\calm\classical_classical.00037.wav
data/processed\calm_enhanced\classical_classical.00037_noise_0.005.wav,calm,True,data/processed\calm\classical_classical.00037.wav
data/processed\calm_enhanced\classical_classical.00037_noise_0.010.wav,calm,True,data/processed\calm\classical_classical.00037.wav
data/processed\calm_enhanced\classical_classical.00038_pitch_-2.wav,calm,True,data/processed\calm\classical_classical.00038.wav
data/processed\calm_enhanced\classical_classical.00038_pitch_-1.wav,calm,True,data/processed\calm\classical_classical.00038.wav
data/processed\calm_enhanced\classical_classical.00038_pitch_+1.wav,calm,True,data/processed\calm\classical_classical.00038.wav
data/processed\calm_enhanced\classical_classical.00038_pitch_+2.wav,calm,True,data/processed\calm\classical_classical.00038.wav
data/processed\calm_enhanced\classical_classical.00038_stretch_0.8.wav,calm,True,data/processed\calm\classical_classical.00038.wav
data/processed\calm_enhanced\classical_classical.00038_stretch_0.9.wav,calm,True,data/processed\calm\classical_classical.00038.wav
data/processed\calm_enhanced\classical_classical.00038_stretch_1.1.wav,calm,True,data/processed\calm\classical_classical.00038.wav
data/processed\calm_enhanced\classical_classical.00038_stretch_1.2.wav,calm,True,data/processed\calm\classical_classical.00038.wav
data/processed\calm_enhanced\classical_classical.00038_noise_0.005.wav,calm,True,data/processed\calm\classical_classical.00038.wav
data/processed\calm_enhanced\classical_classical.00038_noise_0.010.wav,calm,True,data/processed\calm\classical_classical.00038.wav
data/processed\calm_enhanced\classical_classical.00039_pitch_-2.wav,calm,True,data/processed\calm\classical_classical.00039.wav
data/processed\calm_enhanced\classical_classical.00039_pitch_-1.wav,calm,True,data/processed\calm\classical_classical.00039.wav
data/processed\calm_enhanced\classical_classical.00039_pitch_+1.wav,calm,True,data/processed\calm\classical_classical.00039.wav
data/processed\calm_enhanced\classical_classical.00039_pitch_+2.wav,calm,True,data/processed\calm\classical_classical.00039.wav
data/processed\calm_enhanced\classical_classical.00039_stretch_0.8.wav,calm,True,data/processed\calm\classical_classical.00039.wav
data/processed\calm_enhanced\classical_classical.00039_stretch_0.9.wav,calm,True,data/processed\calm\classical_classical.00039.wav
data/processed\calm_enhanced\classical_classical.00039_stretch_1.1.wav,calm,True,data/processed\calm\classical_classical.00039.wav
data/processed\calm_enhanced\classical_classical.00039_stretch_1.2.wav,calm,True,data/processed\calm\classical_classical.00039.wav
data/processed\calm_enhanced\classical_classical.00039_noise_0.005.wav,calm,True,data/processed\calm\classical_classical.00039.wav
data/processed\calm_enhanced\classical_classical.00039_noise_0.010.wav,calm,True,data/processed\calm\classical_classical.00039.wav
data/processed\calm_enhanced\classical_classical.00040_pitch_-2.wav,calm,True,data/processed\calm\classical_classical.00040.wav
data/processed\calm_enhanced\classical_classical.00040_pitch_-1.wav,calm,True,data/processed\calm\classical_classical.00040.wav
data/processed\calm_enhanced\classical_classical.00040_pitch_+1.wav,calm,True,data/processed\calm\classical_classical.00040.wav
data/processed\calm_enhanced\classical_classical.00040_pitch_+2.wav,calm,True,data/processed\calm\classical_classical.00040.wav
data/processed\calm_enhanced\classical_classical.00040_stretch_0.8.wav,calm,True,data/processed\calm\classical_classical.00040.wav
data/processed\calm_enhanced\classical_classical.00040_stretch_0.9.wav,calm,True,data/processed\calm\classical_classical.00040.wav
data/processed\calm_enhanced\classical_classical.00040_stretch_1.1.wav,calm,True,data/processed\calm\classical_classical.00040.wav
data/processed\calm_enhanced\classical_classical.00040_stretch_1.2.wav,calm,True,data/processed\calm\classical_classical.00040.wav
data/processed\calm_enhanced\classical_classical.00040_noise_0.005.wav,calm,True,data/processed\calm\classical_classical.00040.wav
data/processed\calm_enhanced\classical_classical.00040_noise_0.010.wav,calm,True,data/processed\calm\classical_classical.00040.wav
data/processed\calm_enhanced\classical_classical.00041_pitch_-2.wav,calm,True,data/processed\calm\classical_classical.00041.wav
data/processed\calm_enhanced\classical_classical.00041_pitch_-1.wav,calm,True,data/processed\calm\classical_classical.00041.wav
data/processed\calm_enhanced\classical_classical.00041_pitch_+1.wav,calm,True,data/processed\calm\classical_classical.00041.wav
data/processed\calm_enhanced\classical_classical.00041_pitch_+2.wav,calm,True,data/processed\calm\classical_classical.00041.wav
data/processed\calm_enhanced\classical_classical.00041_stretch_0.8.wav,calm,True,data/processed\calm\classical_classical.00041.wav
data/processed\calm_enhanced\classical_classical.00041_stretch_0.9.wav,calm,True,data/processed\calm\classical_classical.00041.wav
data/processed\calm_enhanced\classical_classical.00041_stretch_1.1.wav,calm,True,data/processed\calm\classical_classical.00041.wav
data/processed\calm_enhanced\classical_classical.00041_stretch_1.2.wav,calm,True,data/processed\calm\classical_classical.00041.wav
data/processed\calm_enhanced\classical_classical.00041_noise_0.005.wav,calm,True,data/processed\calm\classical_classical.00041.wav
data/processed\calm_enhanced\classical_classical.00041_noise_0.010.wav,calm,True,data/processed\calm\classical_classical.00041.wav
data/processed\calm_enhanced\classical_classical.00042_pitch_-2.wav,calm,True,data/processed\calm\classical_classical.00042.wav
data/processed\calm_enhanced\classical_classical.00042_pitch_-1.wav,calm,True,data/processed\calm\classical_classical.00042.wav
data/processed\calm_enhanced\classical_classical.00042_pitch_+1.wav,calm,True,data/processed\calm\classical_classical.00042.wav
data/processed\calm_enhanced\classical_classical.00042_pitch_+2.wav,calm,True,data/processed\calm\classical_classical.00042.wav
data/processed\calm_enhanced\classical_classical.00042_stretch_0.8.wav,calm,True,data/processed\calm\classical_classical.00042.wav
data/processed\calm_enhanced\classical_classical.00042_stretch_0.9.wav,calm,True,data/processed\calm\classical_classical.00042.wav
data/processed\calm_enhanced\classical_classical.00042_stretch_1.1.wav,calm,True,data/processed\calm\classical_classical.00042.wav
data/processed\calm_enhanced\classical_classical.00042_stretch_1.2.wav,calm,True,data/processed\calm\classical_classical.00042.wav
data/processed\calm_enhanced\classical_classical.00042_noise_0.005.wav,calm,True,data/processed\calm\classical_classical.00042.wav
data/processed\calm_enhanced\classical_classical.00042_noise_0.010.wav,calm,True,data/processed\calm\classical_classical.00042.wav
data/processed\calm_enhanced\classical_classical.00043_pitch_-2.wav,calm,True,data/processed\calm\classical_classical.00043.wav
data/processed\calm_enhanced\classical_classical.00043_pitch_-1.wav,calm,True,data/processed\calm\classical_classical.00043.wav
data/processed\calm_enhanced\classical_classical.00043_pitch_+1.wav,calm,True,data/processed\calm\classical_classical.00043.wav
data/processed\calm_enhanced\classical_classical.00043_pitch_+2.wav,calm,True,data/processed\calm\classical_classical.00043.wav
data/processed\calm_enhanced\classical_classical.00043_stretch_0.8.wav,calm,True,data/processed\calm\classical_classical.00043.wav
data/processed\calm_enhanced\classical_classical.00043_stretch_0.9.wav,calm,True,data/processed\calm\classical_classical.00043.wav
data/processed\calm_enhanced\classical_classical.00043_stretch_1.1.wav,calm,True,data/processed\calm\classical_classical.00043.wav
data/processed\calm_enhanced\classical_classical.00043_stretch_1.2.wav,calm,True,data/processed\calm\classical_classical.00043.wav
data/processed\calm_enhanced\classical_classical.00043_noise_0.005.wav,calm,True,data/processed\calm\classical_classical.00043.wav
data/processed\calm_enhanced\classical_classical.00043_noise_0.010.wav,calm,True,data/processed\calm\classical_classical.00043.wav
data/processed\calm_enhanced\classical_classical.00044_pitch_-2.wav,calm,True,data/processed\calm\classical_classical.00044.wav
data/processed\calm_enhanced\classical_classical.00044_pitch_-1.wav,calm,True,data/processed\calm\classical_classical.00044.wav
data/processed\calm_enhanced\classical_classical.00044_pitch_+1.wav,calm,True,data/processed\calm\classical_classical.00044.wav
data/processed\calm_enhanced\classical_classical.00044_pitch_+2.wav,calm,True,data/processed\calm\classical_classical.00044.wav
data/processed\calm_enhanced\classical_classical.00044_stretch_0.8.wav,calm,True,data/processed\calm\classical_classical.00044.wav
data/processed\calm_enhanced\classical_classical.00044_stretch_0.9.wav,calm,True,data/processed\calm\classical_classical.00044.wav
data/processed\calm_enhanced\classical_classical.00044_stretch_1.1.wav,calm,True,data/processed\calm\classical_classical.00044.wav
data/processed\calm_enhanced\classical_classical.00044_stretch_1.2.wav,calm,True,data/processed\calm\classical_classical.00044.wav
data/processed\calm_enhanced\classical_classical.00044_noise_0.005.wav,calm,True,data/processed\calm\classical_classical.00044.wav
data/processed\calm_enhanced\classical_classical.00044_noise_0.010.wav,calm,True,data/processed\calm\classical_classical.00044.wav
data/processed\calm_enhanced\classical_classical.00045_pitch_-2.wav,calm,True,data/processed\calm\classical_classical.00045.wav
data/processed\calm_enhanced\classical_classical.00045_pitch_-1.wav,calm,True,data/processed\calm\classical_classical.00045.wav
data/processed\calm_enhanced\classical_classical.00045_pitch_+1.wav,calm,True,data/processed\calm\classical_classical.00045.wav
data/processed\calm_enhanced\classical_classical.00045_pitch_+2.wav,calm,True,data/processed\calm\classical_classical.00045.wav
data/processed\calm_enhanced\classical_classical.00045_stretch_0.8.wav,calm,True,data/processed\calm\classical_classical.00045.wav
data/processed\calm_enhanced\classical_classical.00045_stretch_0.9.wav,calm,True,data/processed\calm\classical_classical.00045.wav
data/processed\calm_enhanced\classical_classical.00045_stretch_1.1.wav,calm,True,data/processed\calm\classical_classical.00045.wav
data/processed\calm_enhanced\classical_classical.00045_stretch_1.2.wav,calm,True,data/processed\calm\classical_classical.00045.wav
data/processed\calm_enhanced\classical_classical.00045_noise_0.005.wav,calm,True,data/processed\calm\classical_classical.00045.wav
data/processed\calm_enhanced\classical_classical.00045_noise_0.010.wav,calm,True,data/processed\calm\classical_classical.00045.wav
data/processed\calm_enhanced\classical_classical.00046_pitch_-2.wav,calm,True,data/processed\calm\classical_classical.00046.wav
data/processed\calm_enhanced\classical_classical.00046_pitch_-1.wav,calm,True,data/processed\calm\classical_classical.00046.wav
data/processed\calm_enhanced\classical_classical.00046_pitch_+1.wav,calm,True,data/processed\calm\classical_classical.00046.wav
data/processed\calm_enhanced\classical_classical.00046_pitch_+2.wav,calm,True,data/processed\calm\classical_classical.00046.wav
data/processed\calm_enhanced\classical_classical.00046_stretch_0.8.wav,calm,True,data/processed\calm\classical_classical.00046.wav
data/processed\calm_enhanced\classical_classical.00046_stretch_0.9.wav,calm,True,data/processed\calm\classical_classical.00046.wav
data/processed\calm_enhanced\classical_classical.00046_stretch_1.1.wav,calm,True,data/processed\calm\classical_classical.00046.wav
data/processed\calm_enhanced\classical_classical.00046_stretch_1.2.wav,calm,True,data/processed\calm\classical_classical.00046.wav
data/processed\calm_enhanced\classical_classical.00046_noise_0.005.wav,calm,True,data/processed\calm\classical_classical.00046.wav
data/processed\calm_enhanced\classical_classical.00046_noise_0.010.wav,calm,True,data/processed\calm\classical_classical.00046.wav
data/processed\calm_enhanced\classical_classical.00047_pitch_-2.wav,calm,True,data/processed\calm\classical_classical.00047.wav
data/processed\calm_enhanced\classical_classical.00047_pitch_-1.wav,calm,True,data/processed\calm\classical_classical.00047.wav
data/processed\calm_enhanced\classical_classical.00047_pitch_+1.wav,calm,True,data/processed\calm\classical_classical.00047.wav
data/processed\calm_enhanced\classical_classical.00047_pitch_+2.wav,calm,True,data/processed\calm\classical_classical.00047.wav
data/processed\calm_enhanced\classical_classical.00047_stretch_0.8.wav,calm,True,data/processed\calm\classical_classical.00047.wav
data/processed\calm_enhanced\classical_classical.00047_stretch_0.9.wav,calm,True,data/processed\calm\classical_classical.00047.wav
data/processed\calm_enhanced\classical_classical.00047_stretch_1.1.wav,calm,True,data/processed\calm\classical_classical.00047.wav
data/processed\calm_enhanced\classical_classical.00047_stretch_1.2.wav,calm,True,data/processed\calm\classical_classical.00047.wav
data/processed\calm_enhanced\classical_classical.00047_noise_0.005.wav,calm,True,data/processed\calm\classical_classical.00047.wav
data/processed\calm_enhanced\classical_classical.00047_noise_0.010.wav,calm,True,data/processed\calm\classical_classical.00047.wav
data/processed\calm_enhanced\classical_classical.00048_pitch_-2.wav,calm,True,data/processed\calm\classical_classical.00048.wav
data/processed\calm_enhanced\classical_classical.00048_pitch_-1.wav,calm,True,data/processed\calm\classical_classical.00048.wav
data/processed\calm_enhanced\classical_classical.00048_pitch_+1.wav,calm,True,data/processed\calm\classical_classical.00048.wav
data/processed\calm_enhanced\classical_classical.00048_pitch_+2.wav,calm,True,data/processed\calm\classical_classical.00048.wav
data/processed\calm_enhanced\classical_classical.00048_stretch_0.8.wav,calm,True,data/processed\calm\classical_classical.00048.wav
data/processed\calm_enhanced\classical_classical.00048_stretch_0.9.wav,calm,True,data/processed\calm\classical_classical.00048.wav
data/processed\calm_enhanced\classical_classical.00048_stretch_1.1.wav,calm,True,data/processed\calm\classical_classical.00048.wav
data/processed\calm_enhanced\classical_classical.00048_stretch_1.2.wav,calm,True,data/processed\calm\classical_classical.00048.wav
data/processed\calm_enhanced\classical_classical.00048_noise_0.005.wav,calm,True,data/processed\calm\classical_classical.00048.wav
data/processed\calm_enhanced\classical_classical.00048_noise_0.010.wav,calm,True,data/processed\calm\classical_classical.00048.wav
data/processed\calm_enhanced\classical_classical.00049_pitch_-2.wav,calm,True,data/processed\calm\classical_classical.00049.wav
data/processed\calm_enhanced\classical_classical.00049_pitch_-1.wav,calm,True,data/processed\calm\classical_classical.00049.wav
data/processed\calm_enhanced\classical_classical.00049_pitch_+1.wav,calm,True,data/processed\calm\classical_classical.00049.wav
data/processed\calm_enhanced\classical_classical.00049_pitch_+2.wav,calm,True,data/processed\calm\classical_classical.00049.wav
data/processed\calm_enhanced\classical_classical.00049_stretch_0.8.wav,calm,True,data/processed\calm\classical_classical.00049.wav
data/processed\calm_enhanced\classical_classical.00049_stretch_0.9.wav,calm,True,data/processed\calm\classical_classical.00049.wav
data/processed\calm_enhanced\classical_classical.00049_stretch_1.1.wav,calm,True,data/processed\calm\classical_classical.00049.wav
data/processed\calm_enhanced\classical_classical.00049_stretch_1.2.wav,calm,True,data/processed\calm\classical_classical.00049.wav
data/processed\calm_enhanced\classical_classical.00049_noise_0.005.wav,calm,True,data/processed\calm\classical_classical.00049.wav
data/processed\calm_enhanced\classical_classical.00049_noise_0.010.wav,calm,True,data/processed\calm\classical_classical.00049.wav
data/processed\energetic_enhanced\hiphop_hiphop.00000_pitch_-2.wav,energetic,True,data/processed\energetic\hiphop_hiphop.00000.wav
data/processed\energetic_enhanced\hiphop_hiphop.00000_pitch_-1.wav,energetic,True,data/processed\energetic\hiphop_hiphop.00000.wav
data/processed\energetic_enhanced\hiphop_hiphop.00000_pitch_+1.wav,energetic,True,data/processed\energetic\hiphop_hiphop.00000.wav
data/processed\energetic_enhanced\hiphop_hiphop.00000_pitch_+2.wav,energetic,True,data/processed\energetic\hiphop_hiphop.00000.wav
data/processed\energetic_enhanced\hiphop_hiphop.00000_stretch_0.8.wav,energetic,True,data/processed\energetic\hiphop_hiphop.00000.wav
data/processed\energetic_enhanced\hiphop_hiphop.00000_stretch_0.9.wav,energetic,True,data/processed\energetic\hiphop_hiphop.00000.wav
data/processed\energetic_enhanced\hiphop_hiphop.00000_stretch_1.1.wav,energetic,True,data/processed\energetic\hiphop_hiphop.00000.wav
data/processed\energetic_enhanced\hiphop_hiphop.00000_stretch_1.2.wav,energetic,True,data/processed\energetic\hiphop_hiphop.00000.wav
data/processed\energetic_enhanced\hiphop_hiphop.00000_noise_0.005.wav,energetic,True,data/processed\energetic\hiphop_hiphop.00000.wav
data/processed\energetic_enhanced\hiphop_hiphop.00000_noise_0.010.wav,energetic,True,data/processed\energetic\hiphop_hiphop.00000.wav
data/processed\energetic_enhanced\hiphop_hiphop.00001_pitch_-2.wav,energetic,True,data/processed\energetic\hiphop_hiphop.00001.wav
data/processed\energetic_enhanced\hiphop_hiphop.00001_pitch_-1.wav,energetic,True,data/processed\energetic\hiphop_hiphop.00001.wav
data/processed\energetic_enhanced\hiphop_hiphop.00001_pitch_+1.wav,energetic,True,data/processed\energetic\hiphop_hiphop.00001.wav
data/processed\energetic_enhanced\hiphop_hiphop.00001_pitch_+2.wav,energetic,True,data/processed\energetic\hiphop_hiphop.00001.wav
data/processed\energetic_enhanced\hiphop_hiphop.00001_stretch_0.8.wav,energetic,True,data/processed\energetic\hiphop_hiphop.00001.wav
data/processed\energetic_enhanced\hiphop_hiphop.00001_stretch_0.9.wav,energetic,True,data/processed\energetic\hiphop_hiphop.00001.wav
data/processed\energetic_enhanced\hiphop_hiphop.00001_stretch_1.1.wav,energetic,True,data/processed\energetic\hiphop_hiphop.00001.wav
data/processed\energetic_enhanced\hiphop_hiphop.00001_stretch_1.2.wav,energetic,True,data/processed\energetic\hiphop_hiphop.00001.wav
data/processed\energetic_enhanced\hiphop_hiphop.00001_noise_0.005.wav,energetic,True,data/processed\energetic\hiphop_hiphop.00001.wav
data/processed\energetic_enhanced\hiphop_hiphop.00001_noise_0.010.wav,energetic,True,data/processed\energetic\hiphop_hiphop.00001.wav
data/processed\energetic_enhanced\hiphop_hiphop.00002_pitch_-2.wav,energetic,True,data/processed\energetic\hiphop_hiphop.00002.wav
data/processed\energetic_enhanced\hiphop_hiphop.00002_pitch_-1.wav,energetic,True,data/processed\energetic\hiphop_hiphop.00002.wav
data/processed\energetic_enhanced\hiphop_hiphop.00002_pitch_+1.wav,energetic,True,data/processed\energetic\hiphop_hiphop.00002.wav
data/processed\energetic_enhanced\hiphop_hiphop.00002_pitch_+2.wav,energetic,True,data/processed\energetic\hiphop_hiphop.00002.wav
data/processed\energetic_enhanced\hiphop_hiphop.00002_stretch_0.8.wav,energetic,True,data/processed\energetic\hiphop_hiphop.00002.wav
data/processed\energetic_enhanced\hiphop_hiphop.00002_stretch_0.9.wav,energetic,True,data/processed\energetic\hiphop_hiphop.00002.wav
data/processed\energetic_enhanced\hiphop_hiphop.00002_stretch_1.1.wav,energetic,True,data/processed\energetic\hiphop_hiphop.00002.wav
data/processed\energetic_enhanced\hiphop_hiphop.00002_stretch_1.2.wav,energetic,True,data/processed\energetic\hiphop_hiphop.00002.wav
data/processed\energetic_enhanced\hiphop_hiphop.00002_noise_0.005.wav,energetic,True,data/processed\energetic\hiphop_hiphop.00002.wav
data/processed\energetic_enhanced\hiphop_hiphop.00002_noise_0.010.wav,energetic,True,data/processed\energetic\hiphop_hiphop.00002.wav
data/processed\energetic_enhanced\hiphop_hiphop.00003_pitch_-2.wav,energetic,True,data/processed\energetic\hiphop_hiphop.00003.wav
data/processed\energetic_enhanced\hiphop_hiphop.00003_pitch_-1.wav,energetic,True,data/processed\energetic\hiphop_hiphop.00003.wav
data/processed\energetic_enhanced\hiphop_hiphop.00003_pitch_+1.wav,energetic,True,data/processed\energetic\hiphop_hiphop.00003.wav
data/processed\energetic_enhanced\hiphop_hiphop.00003_pitch_+2.wav,energetic,True,data/processed\energetic\hiphop_hiphop.00003.wav
data/processed\energetic_enhanced\hiphop_hiphop.00003_stretch_0.8.wav,energetic,True,data/processed\energetic\hiphop_hiphop.00003.wav
data/processed\energetic_enhanced\hiphop_hiphop.00003_stretch_0.9.wav,energetic,True,data/processed\energetic\hiphop_hiphop.00003.wav
data/processed\energetic_enhanced\hiphop_hiphop.00003_stretch_1.1.wav,energetic,True,data/processed\energetic\hiphop_hiphop.00003.wav
data/processed\energetic_enhanced\hiphop_hiphop.00003_stretch_1.2.wav,energetic,True,data/processed\energetic\hiphop_hiphop.00003.wav
data/processed\energetic_enhanced\hiphop_hiphop.00003_noise_0.005.wav,energetic,True,data/processed\energetic\hiphop_hiphop.00003.wav
data/processed\energetic_enhanced\hiphop_hiphop.00003_noise_0.010.wav,energetic,True,data/processed\energetic\hiphop_hiphop.00003.wav
data/processed\energetic_enhanced\hiphop_hiphop.00004_pitch_-2.wav,energetic,True,data/processed\energetic\hiphop_hiphop.00004.wav
data/processed\energetic_enhanced\hiphop_hiphop.00004_pitch_-1.wav,energetic,True,data/processed\energetic\hiphop_hiphop.00004.wav
data/processed\energetic_enhanced\hiphop_hiphop.00004_pitch_+1.wav,energetic,True,data/processed\energetic\hiphop_hiphop.00004.wav
data/processed\energetic_enhanced\hiphop_hiphop.00004_pitch_+2.wav,energetic,True,data/processed\energetic\hiphop_hiphop.00004.wav
data/processed\energetic_enhanced\hiphop_hiphop.00004_stretch_0.8.wav,energetic,True,data/processed\energetic\hiphop_hiphop.00004.wav
data/processed\energetic_enhanced\hiphop_hiphop.00004_stretch_0.9.wav,energetic,True,data/processed\energetic\hiphop_hiphop.00004.wav
data/processed\energetic_enhanced\hiphop_hiphop.00004_stretch_1.1.wav,energetic,True,data/processed\energetic\hiphop_hiphop.00004.wav
data/processed\energetic_enhanced\hiphop_hiphop.00004_stretch_1.2.wav,energetic,True,data/processed\energetic\hiphop_hiphop.00004.wav
data/processed\energetic_enhanced\hiphop_hiphop.00004_noise_0.005.wav,energetic,True,data/processed\energetic\hiphop_hiphop.00004.wav
data/processed\energetic_enhanced\hiphop_hiphop.00004_noise_0.010.wav,energetic,True,data/processed\energetic\hiphop_hiphop.00004.wav
data/processed\energetic_enhanced\hiphop_hiphop.00005_pitch_-2.wav,energetic,True,data/processed\energetic\hiphop_hiphop.00005.wav
data/processed\energetic_enhanced\hiphop_hiphop.00005_pitch_-1.wav,energetic,True,data/processed\energetic\hiphop_hiphop.00005.wav
data/processed\energetic_enhanced\hiphop_hiphop.00005_pitch_+1.wav,energetic,True,data/processed\energetic\hiphop_hiphop.00005.wav
data/processed\energetic_enhanced\hiphop_hiphop.00005_pitch_+2.wav,energetic,True,data/processed\energetic\hiphop_hiphop.00005.wav
data/processed\energetic_enhanced\hiphop_hiphop.00005_stretch_0.8.wav,energetic,True,data/processed\energetic\hiphop_hiphop.00005.wav
data/processed\energetic_enhanced\hiphop_hiphop.00005_stretch_0.9.wav,energetic,True,data/processed\energetic\hiphop_hiphop.00005.wav
data/processed\energetic_enhanced\hiphop_hiphop.00005_stretch_1.1.wav,energetic,True,data/processed\energetic\hiphop_hiphop.00005.wav
data/processed\energetic_enhanced\hiphop_hiphop.00005_stretch_1.2.wav,energetic,True,data/processed\energetic\hiphop_hiphop.00005.wav
data/processed\energetic_enhanced\hiphop_hiphop.00005_noise_0.005.wav,energetic,True,data/processed\energetic\hiphop_hiphop.00005.wav
data/processed\energetic_enhanced\hiphop_hiphop.00005_noise_0.010.wav,energetic,True,data/processed\energetic\hiphop_hiphop.00005.wav
data/processed\energetic_enhanced\hiphop_hiphop.00006_pitch_-2.wav,energetic,True,data/processed\energetic\hiphop_hiphop.00006.wav
data/processed\energetic_enhanced\hiphop_hiphop.00006_pitch_-1.wav,energetic,True,data/processed\energetic\hiphop_hiphop.00006.wav
data/processed\energetic_enhanced\hiphop_hiphop.00006_pitch_+1.wav,energetic,True,data/processed\energetic\hiphop_hiphop.00006.wav
data/processed\energetic_enhanced\hiphop_hiphop.00006_pitch_+2.wav,energetic,True,data/processed\energetic\hiphop_hiphop.00006.wav
data/processed\energetic_enhanced\hiphop_hiphop.00006_stretch_0.8.wav,energetic,True,data/processed\energetic\hiphop_hiphop.00006.wav
data/processed\energetic_enhanced\hiphop_hiphop.00006_stretch_0.9.wav,energetic,True,data/processed\energetic\hiphop_hiphop.00006.wav
data/processed\energetic_enhanced\hiphop_hiphop.00006_stretch_1.1.wav,energetic,True,data/processed\energetic\hiphop_hiphop.00006.wav
data/processed\energetic_enhanced\hiphop_hiphop.00006_stretch_1.2.wav,energetic,True,data/processed\energetic\hiphop_hiphop.00006.wav
data/processed\energetic_enhanced\hiphop_hiphop.00006_noise_0.005.wav,energetic,True,data/processed\energetic\hiphop_hiphop.00006.wav
data/processed\energetic_enhanced\hiphop_hiphop.00006_noise_0.010.wav,energetic,True,data/processed\energetic\hiphop_hiphop.00006.wav
data/processed\energetic_enhanced\hiphop_hiphop.00007_pitch_-2.wav,energetic,True,data/processed\energetic\hiphop_hiphop.00007.wav
data/processed\energetic_enhanced\hiphop_hiphop.00007_pitch_-1.wav,energetic,True,data/processed\energetic\hiphop_hiphop.00007.wav
data/processed\energetic_enhanced\hiphop_hiphop.00007_pitch_+1.wav,energetic,True,data/processed\energetic\hiphop_hiphop.00007.wav
data/processed\energetic_enhanced\hiphop_hiphop.00007_pitch_+2.wav,energetic,True,data/processed\energetic\hiphop_hiphop.00007.wav
data/processed\energetic_enhanced\hiphop_hiphop.00007_stretch_0.8.wav,energetic,True,data/processed\energetic\hiphop_hiphop.00007.wav
data/processed\energetic_enhanced\hiphop_hiphop.00007_stretch_0.9.wav,energetic,True,data/processed\energetic\hiphop_hiphop.00007.wav
data/processed\energetic_enhanced\hiphop_hiphop.00007_stretch_1.1.wav,energetic,True,data/processed\energetic\hiphop_hiphop.00007.wav
data/processed\energetic_enhanced\hiphop_hiphop.00007_stretch_1.2.wav,energetic,True,data/processed\energetic\hiphop_hiphop.00007.wav
data/processed\energetic_enhanced\hiphop_hiphop.00007_noise_0.005.wav,energetic,True,data/processed\energetic\hiphop_hiphop.00007.wav
data/processed\energetic_enhanced\hiphop_hiphop.00007_noise_0.010.wav,energetic,True,data/processed\energetic\hiphop_hiphop.00007.wav
data/processed\energetic_enhanced\hiphop_hiphop.00008_pitch_-2.wav,energetic,True,data/processed\energetic\hiphop_hiphop.00008.wav
data/processed\energetic_enhanced\hiphop_hiphop.00008_pitch_-1.wav,energetic,True,data/processed\energetic\hiphop_hiphop.00008.wav
data/processed\energetic_enhanced\hiphop_hiphop.00008_pitch_+1.wav,energetic,True,data/processed\energetic\hiphop_hiphop.00008.wav
data/processed\energetic_enhanced\hiphop_hiphop.00008_pitch_+2.wav,energetic,True,data/processed\energetic\hiphop_hiphop.00008.wav
data/processed\energetic_enhanced\hiphop_hiphop.00008_stretch_0.8.wav,energetic,True,data/processed\energetic\hiphop_hiphop.00008.wav
data/processed\energetic_enhanced\hiphop_hiphop.00008_stretch_0.9.wav,energetic,True,data/processed\energetic\hiphop_hiphop.00008.wav
data/processed\energetic_enhanced\hiphop_hiphop.00008_stretch_1.1.wav,energetic,True,data/processed\energetic\hiphop_hiphop.00008.wav
data/processed\energetic_enhanced\hiphop_hiphop.00008_stretch_1.2.wav,energetic,True,data/processed\energetic\hiphop_hiphop.00008.wav
data/processed\energetic_enhanced\hiphop_hiphop.00008_noise_0.005.wav,energetic,True,data/processed\energetic\hiphop_hiphop.00008.wav
data/processed\energetic_enhanced\hiphop_hiphop.00008_noise_0.010.wav,energetic,True,data/processed\energetic\hiphop_hiphop.00008.wav
data/processed\energetic_enhanced\hiphop_hiphop.00009_pitch_-2.wav,energetic,True,data/processed\energetic\hiphop_hiphop.00009.wav
data/processed\energetic_enhanced\hiphop_hiphop.00009_pitch_-1.wav,energetic,True,data/processed\energetic\hiphop_hiphop.00009.wav
data/processed\energetic_enhanced\hiphop_hiphop.00009_pitch_+1.wav,energetic,True,data/processed\energetic\hiphop_hiphop.00009.wav
data/processed\energetic_enhanced\hiphop_hiphop.00009_pitch_+2.wav,energetic,True,data/processed\energetic\hiphop_hiphop.00009.wav
data/processed\energetic_enhanced\hiphop_hiphop.00009_stretch_0.8.wav,energetic,True,data/processed\energetic\hiphop_hiphop.00009.wav
data/processed\energetic_enhanced\hiphop_hiphop.00009_stretch_0.9.wav,energetic,True,data/processed\energetic\hiphop_hiphop.00009.wav
data/processed\energetic_enhanced\hiphop_hiphop.00009_stretch_1.1.wav,energetic,True,data/processed\energetic\hiphop_hiphop.00009.wav
data/processed\energetic_enhanced\hiphop_hiphop.00009_stretch_1.2.wav,energetic,True,data/processed\energetic\hiphop_hiphop.00009.wav
data/processed\energetic_enhanced\hiphop_hiphop.00009_noise_0.005.wav,energetic,True,data/processed\energetic\hiphop_hiphop.00009.wav
data/processed\energetic_enhanced\hiphop_hiphop.00009_noise_0.010.wav,energetic,True,data/processed\energetic\hiphop_hiphop.00009.wav
data/processed\energetic_enhanced\hiphop_hiphop.00010_pitch_-2.wav,energetic,True,data/processed\energetic\hiphop_hiphop.00010.wav
data/processed\energetic_enhanced\hiphop_hiphop.00010_pitch_-1.wav,energetic,True,data/processed\energetic\hiphop_hiphop.00010.wav
data/processed\energetic_enhanced\hiphop_hiphop.00010_pitch_+1.wav,energetic,True,data/processed\energetic\hiphop_hiphop.00010.wav
data/processed\energetic_enhanced\hiphop_hiphop.00010_pitch_+2.wav,energetic,True,data/processed\energetic\hiphop_hiphop.00010.wav
data/processed\energetic_enhanced\hiphop_hiphop.00010_stretch_0.8.wav,energetic,True,data/processed\energetic\hiphop_hiphop.00010.wav
data/processed\energetic_enhanced\hiphop_hiphop.00010_stretch_0.9.wav,energetic,True,data/processed\energetic\hiphop_hiphop.00010.wav
data/processed\energetic_enhanced\hiphop_hiphop.00010_stretch_1.1.wav,energetic,True,data/processed\energetic\hiphop_hiphop.00010.wav
data/processed\energetic_enhanced\hiphop_hiphop.00010_stretch_1.2.wav,energetic,True,data/processed\energetic\hiphop_hiphop.00010.wav
data/processed\energetic_enhanced\hiphop_hiphop.00010_noise_0.005.wav,energetic,True,data/processed\energetic\hiphop_hiphop.00010.wav
data/processed\energetic_enhanced\hiphop_hiphop.00010_noise_0.010.wav,energetic,True,data/processed\energetic\hiphop_hiphop.00010.wav
data/processed\energetic_enhanced\hiphop_hiphop.00011_pitch_-2.wav,energetic,True,data/processed\energetic\hiphop_hiphop.00011.wav
data/processed\energetic_enhanced\hiphop_hiphop.00011_pitch_-1.wav,energetic,True,data/processed\energetic\hiphop_hiphop.00011.wav
data/processed\energetic_enhanced\hiphop_hiphop.00011_pitch_+1.wav,energetic,True,data/processed\energetic\hiphop_hiphop.00011.wav
data/processed\energetic_enhanced\hiphop_hiphop.00011_pitch_+2.wav,energetic,True,data/processed\energetic\hiphop_hiphop.00011.wav
data/processed\energetic_enhanced\hiphop_hiphop.00011_stretch_0.8.wav,energetic,True,data/processed\energetic\hiphop_hiphop.00011.wav
data/processed\energetic_enhanced\hiphop_hiphop.00011_stretch_0.9.wav,energetic,True,data/processed\energetic\hiphop_hiphop.00011.wav
data/processed\energetic_enhanced\hiphop_hiphop.00011_stretch_1.1.wav,energetic,True,data/processed\energetic\hiphop_hiphop.00011.wav
data/processed\energetic_enhanced\hiphop_hiphop.00011_stretch_1.2.wav,energetic,True,data/processed\energetic\hiphop_hiphop.00011.wav
data/processed\energetic_enhanced\hiphop_hiphop.00011_noise_0.005.wav,energetic,True,data/processed\energetic\hiphop_hiphop.00011.wav
data/processed\energetic_enhanced\hiphop_hiphop.00011_noise_0.010.wav,energetic,True,data/processed\energetic\hiphop_hiphop.00011.wav
data/processed\energetic_enhanced\hiphop_hiphop.00012_pitch_-2.wav,energetic,True,data/processed\energetic\hiphop_hiphop.00012.wav
data/processed\energetic_enhanced\hiphop_hiphop.00012_pitch_-1.wav,energetic,True,data/processed\energetic\hiphop_hiphop.00012.wav
data/processed\energetic_enhanced\hiphop_hiphop.00012_pitch_+1.wav,energetic,True,data/processed\energetic\hiphop_hiphop.00012.wav
data/processed\energetic_enhanced\hiphop_hiphop.00012_pitch_+2.wav,energetic,True,data/processed\energetic\hiphop_hiphop.00012.wav
data/processed\energetic_enhanced\hiphop_hiphop.00012_stretch_0.8.wav,energetic,True,data/processed\energetic\hiphop_hiphop.00012.wav
data/processed\energetic_enhanced\hiphop_hiphop.00012_stretch_0.9.wav,energetic,True,data/processed\energetic\hiphop_hiphop.00012.wav
data/processed\energetic_enhanced\hiphop_hiphop.00012_stretch_1.1.wav,energetic,True,data/processed\energetic\hiphop_hiphop.00012.wav
data/processed\energetic_enhanced\hiphop_hiphop.00012_stretch_1.2.wav,energetic,True,data/processed\energetic\hiphop_hiphop.00012.wav
data/processed\energetic_enhanced\hiphop_hiphop.00012_noise_0.005.wav,energetic,True,data/processed\energetic\hiphop_hiphop.00012.wav
data/processed\energetic_enhanced\hiphop_hiphop.00012_noise_0.010.wav,energetic,True,data/processed\energetic\hiphop_hiphop.00012.wav
data/processed\energetic_enhanced\hiphop_hiphop.00013_pitch_-2.wav,energetic,True,data/processed\energetic\hiphop_hiphop.00013.wav
data/processed\energetic_enhanced\hiphop_hiphop.00013_pitch_-1.wav,energetic,True,data/processed\energetic\hiphop_hiphop.00013.wav
data/processed\energetic_enhanced\hiphop_hiphop.00013_pitch_+1.wav,energetic,True,data/processed\energetic\hiphop_hiphop.00013.wav
data/processed\energetic_enhanced\hiphop_hiphop.00013_pitch_+2.wav,energetic,True,data/processed\energetic\hiphop_hiphop.00013.wav
data/processed\energetic_enhanced\hiphop_hiphop.00013_stretch_0.8.wav,energetic,True,data/processed\energetic\hiphop_hiphop.00013.wav
data/processed\energetic_enhanced\hiphop_hiphop.00013_stretch_0.9.wav,energetic,True,data/processed\energetic\hiphop_hiphop.00013.wav
data/processed\energetic_enhanced\hiphop_hiphop.00013_stretch_1.1.wav,energetic,True,data/processed\energetic\hiphop_hiphop.00013.wav
data/processed\energetic_enhanced\hiphop_hiphop.00013_stretch_1.2.wav,energetic,True,data/processed\energetic\hiphop_hiphop.00013.wav
data/processed\energetic_enhanced\hiphop_hiphop.00013_noise_0.005.wav,energetic,True,data/processed\energetic\hiphop_hiphop.00013.wav
data/processed\energetic_enhanced\hiphop_hiphop.00013_noise_0.010.wav,energetic,True,data/processed\energetic\hiphop_hiphop.00013.wav
data/processed\energetic_enhanced\hiphop_hiphop.00014_pitch_-2.wav,energetic,True,data/processed\energetic\hiphop_hiphop.00014.wav
data/processed\energetic_enhanced\hiphop_hiphop.00014_pitch_-1.wav,energetic,True,data/processed\energetic\hiphop_hiphop.00014.wav
data/processed\energetic_enhanced\hiphop_hiphop.00014_pitch_+1.wav,energetic,True,data/processed\energetic\hiphop_hiphop.00014.wav
data/processed\energetic_enhanced\hiphop_hiphop.00014_pitch_+2.wav,energetic,True,data/processed\energetic\hiphop_hiphop.00014.wav
data/processed\energetic_enhanced\hiphop_hiphop.00014_stretch_0.8.wav,energetic,True,data/processed\energetic\hiphop_hiphop.00014.wav
data/processed\energetic_enhanced\hiphop_hiphop.00014_stretch_0.9.wav,energetic,True,data/processed\energetic\hiphop_hiphop.00014.wav
data/processed\energetic_enhanced\hiphop_hiphop.00014_stretch_1.1.wav,energetic,True,data/processed\energetic\hiphop_hiphop.00014.wav
data/processed\energetic_enhanced\hiphop_hiphop.00014_stretch_1.2.wav,energetic,True,data/processed\energetic\hiphop_hiphop.00014.wav
data/processed\energetic_enhanced\hiphop_hiphop.00014_noise_0.005.wav,energetic,True,data/processed\energetic\hiphop_hiphop.00014.wav
data/processed\energetic_enhanced\hiphop_hiphop.00014_noise_0.010.wav,energetic,True,data/processed\energetic\hiphop_hiphop.00014.wav
data/processed\energetic_enhanced\hiphop_hiphop.00015_pitch_-2.wav,energetic,True,data/processed\energetic\hiphop_hiphop.00015.wav
data/processed\energetic_enhanced\hiphop_hiphop.00015_pitch_-1.wav,energetic,True,data/processed\energetic\hiphop_hiphop.00015.wav
data/processed\energetic_enhanced\hiphop_hiphop.00015_pitch_+1.wav,energetic,True,data/processed\energetic\hiphop_hiphop.00015.wav
data/processed\energetic_enhanced\hiphop_hiphop.00015_pitch_+2.wav,energetic,True,data/processed\energetic\hiphop_hiphop.00015.wav
data/processed\energetic_enhanced\hiphop_hiphop.00015_stretch_0.8.wav,energetic,True,data/processed\energetic\hiphop_hiphop.00015.wav
data/processed\energetic_enhanced\hiphop_hiphop.00015_stretch_0.9.wav,energetic,True,data/processed\energetic\hiphop_hiphop.00015.wav
data/processed\energetic_enhanced\hiphop_hiphop.00015_stretch_1.1.wav,energetic,True,data/processed\energetic\hiphop_hiphop.00015.wav
data/processed\energetic_enhanced\hiphop_hiphop.00015_stretch_1.2.wav,energetic,True,data/processed\energetic\hiphop_hiphop.00015.wav
data/processed\energetic_enhanced\hiphop_hiphop.00015_noise_0.005.wav,energetic,True,data/processed\energetic\hiphop_hiphop.00015.wav
data/processed\energetic_enhanced\hiphop_hiphop.00015_noise_0.010.wav,energetic,True,data/processed\energetic\hiphop_hiphop.00015.wav
data/processed\energetic_enhanced\hiphop_hiphop.00016_pitch_-2.wav,energetic,True,data/processed\energetic\hiphop_hiphop.00016.wav
data/processed\energetic_enhanced\hiphop_hiphop.00016_pitch_-1.wav,energetic,True,data/processed\energetic\hiphop_hiphop.00016.wav
data/processed\energetic_enhanced\hiphop_hiphop.00016_pitch_+1.wav,energetic,True,data/processed\energetic\hiphop_hiphop.00016.wav
data/processed\energetic_enhanced\hiphop_hiphop.00016_pitch_+2.wav,energetic,True,data/processed\energetic\hiphop_hiphop.00016.wav
data/processed\energetic_enhanced\hiphop_hiphop.00016_stretch_0.8.wav,energetic,True,data/processed\energetic\hiphop_hiphop.00016.wav
data/processed\energetic_enhanced\hiphop_hiphop.00016_stretch_0.9.wav,energetic,True,data/processed\energetic\hiphop_hiphop.00016.wav
data/processed\energetic_enhanced\hiphop_hiphop.00016_stretch_1.1.wav,energetic,True,data/processed\energetic\hiphop_hiphop.00016.wav
data/processed\energetic_enhanced\hiphop_hiphop.00016_stretch_1.2.wav,energetic,True,data/processed\energetic\hiphop_hiphop.00016.wav
data/processed\energetic_enhanced\hiphop_hiphop.00016_noise_0.005.wav,energetic,True,data/processed\energetic\hiphop_hiphop.00016.wav
data/processed\energetic_enhanced\hiphop_hiphop.00016_noise_0.010.wav,energetic,True,data/processed\energetic\hiphop_hiphop.00016.wav
data/processed\energetic_enhanced\hiphop_hiphop.00017_pitch_-2.wav,energetic,True,data/processed\energetic\hiphop_hiphop.00017.wav
data/processed\energetic_enhanced\hiphop_hiphop.00017_pitch_-1.wav,energetic,True,data/processed\energetic\hiphop_hiphop.00017.wav
data/processed\energetic_enhanced\hiphop_hiphop.00017_pitch_+1.wav,energetic,True,data/processed\energetic\hiphop_hiphop.00017.wav
data/processed\energetic_enhanced\hiphop_hiphop.00017_pitch_+2.wav,energetic,True,data/processed\energetic\hiphop_hiphop.00017.wav
data/processed\energetic_enhanced\hiphop_hiphop.00017_stretch_0.8.wav,energetic,True,data/processed\energetic\hiphop_hiphop.00017.wav
data/processed\energetic_enhanced\hiphop_hiphop.00017_stretch_0.9.wav,energetic,True,data/processed\energetic\hiphop_hiphop.00017.wav
data/processed\energetic_enhanced\hiphop_hiphop.00017_stretch_1.1.wav,energetic,True,data/processed\energetic\hiphop_hiphop.00017.wav
data/processed\energetic_enhanced\hiphop_hiphop.00017_stretch_1.2.wav,energetic,True,data/processed\energetic\hiphop_hiphop.00017.wav
data/processed\energetic_enhanced\hiphop_hiphop.00017_noise_0.005.wav,energetic,True,data/processed\energetic\hiphop_hiphop.00017.wav
data/processed\energetic_enhanced\hiphop_hiphop.00017_noise_0.010.wav,energetic,True,data/processed\energetic\hiphop_hiphop.00017.wav
data/processed\energetic_enhanced\hiphop_hiphop.00018_pitch_-2.wav,energetic,True,data/processed\energetic\hiphop_hiphop.00018.wav
data/processed\energetic_enhanced\hiphop_hiphop.00018_pitch_-1.wav,energetic,True,data/processed\energetic\hiphop_hiphop.00018.wav
data/processed\energetic_enhanced\hiphop_hiphop.00018_pitch_+1.wav,energetic,True,data/processed\energetic\hiphop_hiphop.00018.wav
data/processed\energetic_enhanced\hiphop_hiphop.00018_pitch_+2.wav,energetic,True,data/processed\energetic\hiphop_hiphop.00018.wav
data/processed\energetic_enhanced\hiphop_hiphop.00018_stretch_0.8.wav,energetic,True,data/processed\energetic\hiphop_hiphop.00018.wav
data/processed\energetic_enhanced\hiphop_hiphop.00018_stretch_0.9.wav,energetic,True,data/processed\energetic\hiphop_hiphop.00018.wav
data/processed\energetic_enhanced\hiphop_hiphop.00018_stretch_1.1.wav,energetic,True,data/processed\energetic\hiphop_hiphop.00018.wav
data/processed\energetic_enhanced\hiphop_hiphop.00018_stretch_1.2.wav,energetic,True,data/processed\energetic\hiphop_hiphop.00018.wav
data/processed\energetic_enhanced\hiphop_hiphop.00018_noise_0.005.wav,energetic,True,data/processed\energetic\hiphop_hiphop.00018.wav
data/processed\energetic_enhanced\hiphop_hiphop.00018_noise_0.010.wav,energetic,True,data/processed\energetic\hiphop_hiphop.00018.wav
data/processed\energetic_enhanced\hiphop_hiphop.00019_pitch_-2.wav,energetic,True,data/processed\energetic\hiphop_hiphop.00019.wav
data/processed\energetic_enhanced\hiphop_hiphop.00019_pitch_-1.wav,energetic,True,data/processed\energetic\hiphop_hiphop.00019.wav
data/processed\energetic_enhanced\hiphop_hiphop.00019_pitch_+1.wav,energetic,True,data/processed\energetic\hiphop_hiphop.00019.wav
data/processed\energetic_enhanced\hiphop_hiphop.00019_pitch_+2.wav,energetic,True,data/processed\energetic\hiphop_hiphop.00019.wav
data/processed\energetic_enhanced\hiphop_hiphop.00019_stretch_0.8.wav,energetic,True,data/processed\energetic\hiphop_hiphop.00019.wav
data/processed\energetic_enhanced\hiphop_hiphop.00019_stretch_0.9.wav,energetic,True,data/processed\energetic\hiphop_hiphop.00019.wav
data/processed\energetic_enhanced\hiphop_hiphop.00019_stretch_1.1.wav,energetic,True,data/processed\energetic\hiphop_hiphop.00019.wav
data/processed\energetic_enhanced\hiphop_hiphop.00019_stretch_1.2.wav,energetic,True,data/processed\energetic\hiphop_hiphop.00019.wav
data/processed\energetic_enhanced\hiphop_hiphop.00019_noise_0.005.wav,energetic,True,data/processed\energetic\hiphop_hiphop.00019.wav
data/processed\energetic_enhanced\hiphop_hiphop.00019_noise_0.010.wav,energetic,True,data/processed\energetic\hiphop_hiphop.00019.wav
data/processed\energetic_enhanced\hiphop_hiphop.00020_pitch_-2.wav,energetic,True,data/processed\energetic\hiphop_hiphop.00020.wav
data/processed\energetic_enhanced\hiphop_hiphop.00020_pitch_-1.wav,energetic,True,data/processed\energetic\hiphop_hiphop.00020.wav
data/processed\energetic_enhanced\hiphop_hiphop.00020_pitch_+1.wav,energetic,True,data/processed\energetic\hiphop_hiphop.00020.wav
data/processed\energetic_enhanced\hiphop_hiphop.00020_pitch_+2.wav,energetic,True,data/processed\energetic\hiphop_hiphop.00020.wav
data/processed\energetic_enhanced\hiphop_hiphop.00020_stretch_0.8.wav,energetic,True,data/processed\energetic\hiphop_hiphop.00020.wav
data/processed\energetic_enhanced\hiphop_hiphop.00020_stretch_0.9.wav,energetic,True,data/processed\energetic\hiphop_hiphop.00020.wav
data/processed\energetic_enhanced\hiphop_hiphop.00020_stretch_1.1.wav,energetic,True,data/processed\energetic\hiphop_hiphop.00020.wav
data/processed\energetic_enhanced\hiphop_hiphop.00020_stretch_1.2.wav,energetic,True,data/processed\energetic\hiphop_hiphop.00020.wav
data/processed\energetic_enhanced\hiphop_hiphop.00020_noise_0.005.wav,energetic,True,data/processed\energetic\hiphop_hiphop.00020.wav
data/processed\energetic_enhanced\hiphop_hiphop.00020_noise_0.010.wav,energetic,True,data/processed\energetic\hiphop_hiphop.00020.wav
data/processed\energetic_enhanced\hiphop_hiphop.00021_pitch_-2.wav,energetic,True,data/processed\energetic\hiphop_hiphop.00021.wav
data/processed\energetic_enhanced\hiphop_hiphop.00021_pitch_-1.wav,energetic,True,data/processed\energetic\hiphop_hiphop.00021.wav
data/processed\energetic_enhanced\hiphop_hiphop.00021_pitch_+1.wav,energetic,True,data/processed\energetic\hiphop_hiphop.00021.wav
data/processed\energetic_enhanced\hiphop_hiphop.00021_pitch_+2.wav,energetic,True,data/processed\energetic\hiphop_hiphop.00021.wav
data/processed\energetic_enhanced\hiphop_hiphop.00021_stretch_0.8.wav,energetic,True,data/processed\energetic\hiphop_hiphop.00021.wav
data/processed\energetic_enhanced\hiphop_hiphop.00021_stretch_0.9.wav,energetic,True,data/processed\energetic\hiphop_hiphop.00021.wav
data/processed\energetic_enhanced\hiphop_hiphop.00021_stretch_1.1.wav,energetic,True,data/processed\energetic\hiphop_hiphop.00021.wav
data/processed\energetic_enhanced\hiphop_hiphop.00021_stretch_1.2.wav,energetic,True,data/processed\energetic\hiphop_hiphop.00021.wav
data/processed\energetic_enhanced\hiphop_hiphop.00021_noise_0.005.wav,energetic,True,data/processed\energetic\hiphop_hiphop.00021.wav
data/processed\energetic_enhanced\hiphop_hiphop.00021_noise_0.010.wav,energetic,True,data/processed\energetic\hiphop_hiphop.00021.wav
data/processed\energetic_enhanced\hiphop_hiphop.00022_pitch_-2.wav,energetic,True,data/processed\energetic\hiphop_hiphop.00022.wav
data/processed\energetic_enhanced\hiphop_hiphop.00022_pitch_-1.wav,energetic,True,data/processed\energetic\hiphop_hiphop.00022.wav
data/processed\energetic_enhanced\hiphop_hiphop.00022_pitch_+1.wav,energetic,True,data/processed\energetic\hiphop_hiphop.00022.wav
data/processed\energetic_enhanced\hiphop_hiphop.00022_pitch_+2.wav,energetic,True,data/processed\energetic\hiphop_hiphop.00022.wav
data/processed\energetic_enhanced\hiphop_hiphop.00022_stretch_0.8.wav,energetic,True,data/processed\energetic\hiphop_hiphop.00022.wav
data/processed\energetic_enhanced\hiphop_hiphop.00022_stretch_0.9.wav,energetic,True,data/processed\energetic\hiphop_hiphop.00022.wav
data/processed\energetic_enhanced\hiphop_hiphop.00022_stretch_1.1.wav,energetic,True,data/processed\energetic\hiphop_hiphop.00022.wav
data/processed\energetic_enhanced\hiphop_hiphop.00022_stretch_1.2.wav,energetic,True,data/processed\energetic\hiphop_hiphop.00022.wav
data/processed\energetic_enhanced\hiphop_hiphop.00022_noise_0.005.wav,energetic,True,data/processed\energetic\hiphop_hiphop.00022.wav
data/processed\energetic_enhanced\hiphop_hiphop.00022_noise_0.010.wav,energetic,True,data/processed\energetic\hiphop_hiphop.00022.wav
data/processed\energetic_enhanced\hiphop_hiphop.00023_pitch_-2.wav,energetic,True,data/processed\energetic\hiphop_hiphop.00023.wav
data/processed\energetic_enhanced\hiphop_hiphop.00023_pitch_-1.wav,energetic,True,data/processed\energetic\hiphop_hiphop.00023.wav
data/processed\energetic_enhanced\hiphop_hiphop.00023_pitch_+1.wav,energetic,True,data/processed\energetic\hiphop_hiphop.00023.wav
data/processed\energetic_enhanced\hiphop_hiphop.00023_pitch_+2.wav,energetic,True,data/processed\energetic\hiphop_hiphop.00023.wav
data/processed\energetic_enhanced\hiphop_hiphop.00023_stretch_0.8.wav,energetic,True,data/processed\energetic\hiphop_hiphop.00023.wav
data/processed\energetic_enhanced\hiphop_hiphop.00023_stretch_0.9.wav,energetic,True,data/processed\energetic\hiphop_hiphop.00023.wav
data/processed\energetic_enhanced\hiphop_hiphop.00023_stretch_1.1.wav,energetic,True,data/processed\energetic\hiphop_hiphop.00023.wav
data/processed\energetic_enhanced\hiphop_hiphop.00023_stretch_1.2.wav,energetic,True,data/processed\energetic\hiphop_hiphop.00023.wav
data/processed\energetic_enhanced\hiphop_hiphop.00023_noise_0.005.wav,energetic,True,data/processed\energetic\hiphop_hiphop.00023.wav
data/processed\energetic_enhanced\hiphop_hiphop.00023_noise_0.010.wav,energetic,True,data/processed\energetic\hiphop_hiphop.00023.wav
data/processed\energetic_enhanced\hiphop_hiphop.00024_pitch_-2.wav,energetic,True,data/processed\energetic\hiphop_hiphop.00024.wav
data/processed\energetic_enhanced\hiphop_hiphop.00024_pitch_-1.wav,energetic,True,data/processed\energetic\hiphop_hiphop.00024.wav
data/processed\energetic_enhanced\hiphop_hiphop.00024_pitch_+1.wav,energetic,True,data/processed\energetic\hiphop_hiphop.00024.wav
data/processed\energetic_enhanced\hiphop_hiphop.00024_pitch_+2.wav,energetic,True,data/processed\energetic\hiphop_hiphop.00024.wav
data/processed\energetic_enhanced\hiphop_hiphop.00024_stretch_0.8.wav,energetic,True,data/processed\energetic\hiphop_hiphop.00024.wav
data/processed\energetic_enhanced\hiphop_hiphop.00024_stretch_0.9.wav,energetic,True,data/processed\energetic\hiphop_hiphop.00024.wav
data/processed\energetic_enhanced\hiphop_hiphop.00024_stretch_1.1.wav,energetic,True,data/processed\energetic\hiphop_hiphop.00024.wav
data/processed\energetic_enhanced\hiphop_hiphop.00024_stretch_1.2.wav,energetic,True,data/processed\energetic\hiphop_hiphop.00024.wav
data/processed\energetic_enhanced\hiphop_hiphop.00024_noise_0.005.wav,energetic,True,data/processed\energetic\hiphop_hiphop.00024.wav
data/processed\energetic_enhanced\hiphop_hiphop.00024_noise_0.010.wav,energetic,True,data/processed\energetic\hiphop_hiphop.00024.wav
data/processed\energetic_enhanced\hiphop_hiphop.00025_pitch_-2.wav,energetic,True,data/processed\energetic\hiphop_hiphop.00025.wav
data/processed\energetic_enhanced\hiphop_hiphop.00025_pitch_-1.wav,energetic,True,data/processed\energetic\hiphop_hiphop.00025.wav
data/processed\energetic_enhanced\hiphop_hiphop.00025_pitch_+1.wav,energetic,True,data/processed\energetic\hiphop_hiphop.00025.wav
data/processed\energetic_enhanced\hiphop_hiphop.00025_pitch_+2.wav,energetic,True,data/processed\energetic\hiphop_hiphop.00025.wav
data/processed\energetic_enhanced\hiphop_hiphop.00025_stretch_0.8.wav,energetic,True,data/processed\energetic\hiphop_hiphop.00025.wav
data/processed\energetic_enhanced\hiphop_hiphop.00025_stretch_0.9.wav,energetic,True,data/processed\energetic\hiphop_hiphop.00025.wav
data/processed\energetic_enhanced\hiphop_hiphop.00025_stretch_1.1.wav,energetic,True,data/processed\energetic\hiphop_hiphop.00025.wav
data/processed\energetic_enhanced\hiphop_hiphop.00025_stretch_1.2.wav,energetic,True,data/processed\energetic\hiphop_hiphop.00025.wav
data/processed\energetic_enhanced\hiphop_hiphop.00025_noise_0.005.wav,energetic,True,data/processed\energetic\hiphop_hiphop.00025.wav
data/processed\energetic_enhanced\hiphop_hiphop.00025_noise_0.010.wav,energetic,True,data/processed\energetic\hiphop_hiphop.00025.wav
data/processed\energetic_enhanced\hiphop_hiphop.00026_pitch_-2.wav,energetic,True,data/processed\energetic\hiphop_hiphop.00026.wav
data/processed\energetic_enhanced\hiphop_hiphop.00026_pitch_-1.wav,energetic,True,data/processed\energetic\hiphop_hiphop.00026.wav
data/processed\energetic_enhanced\hiphop_hiphop.00026_pitch_+1.wav,energetic,True,data/processed\energetic\hiphop_hiphop.00026.wav
data/processed\energetic_enhanced\hiphop_hiphop.00026_pitch_+2.wav,energetic,True,data/processed\energetic\hiphop_hiphop.00026.wav
data/processed\energetic_enhanced\hiphop_hiphop.00026_stretch_0.8.wav,energetic,True,data/processed\energetic\hiphop_hiphop.00026.wav
data/processed\energetic_enhanced\hiphop_hiphop.00026_stretch_0.9.wav,energetic,True,data/processed\energetic\hiphop_hiphop.00026.wav
data/processed\energetic_enhanced\hiphop_hiphop.00026_stretch_1.1.wav,energetic,True,data/processed\energetic\hiphop_hiphop.00026.wav
data/processed\energetic_enhanced\hiphop_hiphop.00026_stretch_1.2.wav,energetic,True,data/processed\energetic\hiphop_hiphop.00026.wav
data/processed\energetic_enhanced\hiphop_hiphop.00026_noise_0.005.wav,energetic,True,data/processed\energetic\hiphop_hiphop.00026.wav
data/processed\energetic_enhanced\hiphop_hiphop.00026_noise_0.010.wav,energetic,True,data/processed\energetic\hiphop_hiphop.00026.wav
data/processed\energetic_enhanced\hiphop_hiphop.00027_pitch_-2.wav,energetic,True,data/processed\energetic\hiphop_hiphop.00027.wav
data/processed\energetic_enhanced\hiphop_hiphop.00027_pitch_-1.wav,energetic,True,data/processed\energetic\hiphop_hiphop.00027.wav
data/processed\energetic_enhanced\hiphop_hiphop.00027_pitch_+1.wav,energetic,True,data/processed\energetic\hiphop_hiphop.00027.wav
data/processed\energetic_enhanced\hiphop_hiphop.00027_pitch_+2.wav,energetic,True,data/processed\energetic\hiphop_hiphop.00027.wav
data/processed\energetic_enhanced\hiphop_hiphop.00027_stretch_0.8.wav,energetic,True,data/processed\energetic\hiphop_hiphop.00027.wav
data/processed\energetic_enhanced\hiphop_hiphop.00027_stretch_0.9.wav,energetic,True,data/processed\energetic\hiphop_hiphop.00027.wav
data/processed\energetic_enhanced\hiphop_hiphop.00027_stretch_1.1.wav,energetic,True,data/processed\energetic\hiphop_hiphop.00027.wav
data/processed\energetic_enhanced\hiphop_hiphop.00027_stretch_1.2.wav,energetic,True,data/processed\energetic\hiphop_hiphop.00027.wav
data/processed\energetic_enhanced\hiphop_hiphop.00027_noise_0.005.wav,energetic,True,data/processed\energetic\hiphop_hiphop.00027.wav
data/processed\energetic_enhanced\hiphop_hiphop.00027_noise_0.010.wav,energetic,True,data/processed\energetic\hiphop_hiphop.00027.wav
data/processed\energetic_enhanced\hiphop_hiphop.00028_pitch_-2.wav,energetic,True,data/processed\energetic\hiphop_hiphop.00028.wav
data/processed\energetic_enhanced\hiphop_hiphop.00028_pitch_-1.wav,energetic,True,data/processed\energetic\hiphop_hiphop.00028.wav
data/processed\energetic_enhanced\hiphop_hiphop.00028_pitch_+1.wav,energetic,True,data/processed\energetic\hiphop_hiphop.00028.wav
data/processed\energetic_enhanced\hiphop_hiphop.00028_pitch_+2.wav,energetic,True,data/processed\energetic\hiphop_hiphop.00028.wav
data/processed\energetic_enhanced\hiphop_hiphop.00028_stretch_0.8.wav,energetic,True,data/processed\energetic\hiphop_hiphop.00028.wav
data/processed\energetic_enhanced\hiphop_hiphop.00028_stretch_0.9.wav,energetic,True,data/processed\energetic\hiphop_hiphop.00028.wav
data/processed\energetic_enhanced\hiphop_hiphop.00028_stretch_1.1.wav,energetic,True,data/processed\energetic\hiphop_hiphop.00028.wav
data/processed\energetic_enhanced\hiphop_hiphop.00028_stretch_1.2.wav,energetic,True,data/processed\energetic\hiphop_hiphop.00028.wav
data/processed\energetic_enhanced\hiphop_hiphop.00028_noise_0.005.wav,energetic,True,data/processed\energetic\hiphop_hiphop.00028.wav
data/processed\energetic_enhanced\hiphop_hiphop.00028_noise_0.010.wav,energetic,True,data/processed\energetic\hiphop_hiphop.00028.wav
data/processed\energetic_enhanced\hiphop_hiphop.00029_pitch_-2.wav,energetic,True,data/processed\energetic\hiphop_hiphop.00029.wav
data/processed\energetic_enhanced\hiphop_hiphop.00029_pitch_-1.wav,energetic,True,data/processed\energetic\hiphop_hiphop.00029.wav
data/processed\energetic_enhanced\hiphop_hiphop.00029_pitch_+1.wav,energetic,True,data/processed\energetic\hiphop_hiphop.00029.wav
data/processed\energetic_enhanced\hiphop_hiphop.00029_pitch_+2.wav,energetic,True,data/processed\energetic\hiphop_hiphop.00029.wav
data/processed\energetic_enhanced\hiphop_hiphop.00029_stretch_0.8.wav,energetic,True,data/processed\energetic\hiphop_hiphop.00029.wav
data/processed\energetic_enhanced\hiphop_hiphop.00029_stretch_0.9.wav,energetic,True,data/processed\energetic\hiphop_hiphop.00029.wav
data/processed\energetic_enhanced\hiphop_hiphop.00029_stretch_1.1.wav,energetic,True,data/processed\energetic\hiphop_hiphop.00029.wav
data/processed\energetic_enhanced\hiphop_hiphop.00029_stretch_1.2.wav,energetic,True,data/processed\energetic\hiphop_hiphop.00029.wav
data/processed\energetic_enhanced\hiphop_hiphop.00029_noise_0.005.wav,energetic,True,data/processed\energetic\hiphop_hiphop.00029.wav
data/processed\energetic_enhanced\hiphop_hiphop.00029_noise_0.010.wav,energetic,True,data/processed\energetic\hiphop_hiphop.00029.wav
data/processed\energetic_enhanced\hiphop_hiphop.00030_pitch_-2.wav,energetic,True,data/processed\energetic\hiphop_hiphop.00030.wav
data/processed\energetic_enhanced\hiphop_hiphop.00030_pitch_-1.wav,energetic,True,data/processed\energetic\hiphop_hiphop.00030.wav
data/processed\energetic_enhanced\hiphop_hiphop.00030_pitch_+1.wav,energetic,True,data/processed\energetic\hiphop_hiphop.00030.wav
data/processed\energetic_enhanced\hiphop_hiphop.00030_pitch_+2.wav,energetic,True,data/processed\energetic\hiphop_hiphop.00030.wav
data/processed\energetic_enhanced\hiphop_hiphop.00030_stretch_0.8.wav,energetic,True,data/processed\energetic\hiphop_hiphop.00030.wav
data/processed\energetic_enhanced\hiphop_hiphop.00030_stretch_0.9.wav,energetic,True,data/processed\energetic\hiphop_hiphop.00030.wav
data/processed\energetic_enhanced\hiphop_hiphop.00030_stretch_1.1.wav,energetic,True,data/processed\energetic\hiphop_hiphop.00030.wav
data/processed\energetic_enhanced\hiphop_hiphop.00030_stretch_1.2.wav,energetic,True,data/processed\energetic\hiphop_hiphop.00030.wav
data/processed\energetic_enhanced\hiphop_hiphop.00030_noise_0.005.wav,energetic,True,data/processed\energetic\hiphop_hiphop.00030.wav
data/processed\energetic_enhanced\hiphop_hiphop.00030_noise_0.010.wav,energetic,True,data/processed\energetic\hiphop_hiphop.00030.wav
data/processed\energetic_enhanced\hiphop_hiphop.00031_pitch_-2.wav,energetic,True,data/processed\energetic\hiphop_hiphop.00031.wav
data/processed\energetic_enhanced\hiphop_hiphop.00031_pitch_-1.wav,energetic,True,data/processed\energetic\hiphop_hiphop.00031.wav
data/processed\energetic_enhanced\hiphop_hiphop.00031_pitch_+1.wav,energetic,True,data/processed\energetic\hiphop_hiphop.00031.wav
data/processed\energetic_enhanced\hiphop_hiphop.00031_pitch_+2.wav,energetic,True,data/processed\energetic\hiphop_hiphop.00031.wav
data/processed\energetic_enhanced\hiphop_hiphop.00031_stretch_0.8.wav,energetic,True,data/processed\energetic\hiphop_hiphop.00031.wav
data/processed\energetic_enhanced\hiphop_hiphop.00031_stretch_0.9.wav,energetic,True,data/processed\energetic\hiphop_hiphop.00031.wav
data/processed\energetic_enhanced\hiphop_hiphop.00031_stretch_1.1.wav,energetic,True,data/processed\energetic\hiphop_hiphop.00031.wav
data/processed\energetic_enhanced\hiphop_hiphop.00031_stretch_1.2.wav,energetic,True,data/processed\energetic\hiphop_hiphop.00031.wav
data/processed\energetic_enhanced\hiphop_hiphop.00031_noise_0.005.wav,energetic,True,data/processed\energetic\hiphop_hiphop.00031.wav
data/processed\energetic_enhanced\hiphop_hiphop.00031_noise_0.010.wav,energetic,True,data/processed\energetic\hiphop_hiphop.00031.wav
data/processed\energetic_enhanced\hiphop_hiphop.00032_pitch_-2.wav,energetic,True,data/processed\energetic\hiphop_hiphop.00032.wav
data/processed\energetic_enhanced\hiphop_hiphop.00032_pitch_-1.wav,energetic,True,data/processed\energetic\hiphop_hiphop.00032.wav
data/processed\energetic_enhanced\hiphop_hiphop.00032_pitch_+1.wav,energetic,True,data/processed\energetic\hiphop_hiphop.00032.wav
data/processed\energetic_enhanced\hiphop_hiphop.00032_pitch_+2.wav,energetic,True,data/processed\energetic\hiphop_hiphop.00032.wav
data/processed\energetic_enhanced\hiphop_hiphop.00032_stretch_0.8.wav,energetic,True,data/processed\energetic\hiphop_hiphop.00032.wav
data/processed\energetic_enhanced\hiphop_hiphop.00032_stretch_0.9.wav,energetic,True,data/processed\energetic\hiphop_hiphop.00032.wav
data/processed\energetic_enhanced\hiphop_hiphop.00032_stretch_1.1.wav,energetic,True,data/processed\energetic\hiphop_hiphop.00032.wav
data/processed\energetic_enhanced\hiphop_hiphop.00032_stretch_1.2.wav,energetic,True,data/processed\energetic\hiphop_hiphop.00032.wav
data/processed\energetic_enhanced\hiphop_hiphop.00032_noise_0.005.wav,energetic,True,data/processed\energetic\hiphop_hiphop.00032.wav
data/processed\energetic_enhanced\hiphop_hiphop.00032_noise_0.010.wav,energetic,True,data/processed\energetic\hiphop_hiphop.00032.wav
data/processed\energetic_enhanced\hiphop_hiphop.00033_pitch_-2.wav,energetic,True,data/processed\energetic\hiphop_hiphop.00033.wav
data/processed\energetic_enhanced\hiphop_hiphop.00033_pitch_-1.wav,energetic,True,data/processed\energetic\hiphop_hiphop.00033.wav
data/processed\energetic_enhanced\hiphop_hiphop.00033_pitch_+1.wav,energetic,True,data/processed\energetic\hiphop_hiphop.00033.wav
data/processed\energetic_enhanced\hiphop_hiphop.00033_pitch_+2.wav,energetic,True,data/processed\energetic\hiphop_hiphop.00033.wav
data/processed\energetic_enhanced\hiphop_hiphop.00033_stretch_0.8.wav,energetic,True,data/processed\energetic\hiphop_hiphop.00033.wav
data/processed\energetic_enhanced\hiphop_hiphop.00033_stretch_0.9.wav,energetic,True,data/processed\energetic\hiphop_hiphop.00033.wav
data/processed\energetic_enhanced\hiphop_hiphop.00033_stretch_1.1.wav,energetic,True,data/processed\energetic\hiphop_hiphop.00033.wav
data/processed\energetic_enhanced\hiphop_hiphop.00033_stretch_1.2.wav,energetic,True,data/processed\energetic\hiphop_hiphop.00033.wav
data/processed\energetic_enhanced\hiphop_hiphop.00033_noise_0.005.wav,energetic,True,data/processed\energetic\hiphop_hiphop.00033.wav
data/processed\energetic_enhanced\hiphop_hiphop.00033_noise_0.010.wav,energetic,True,data/processed\energetic\hiphop_hiphop.00033.wav
data/processed\energetic_enhanced\hiphop_hiphop.00034_pitch_-2.wav,energetic,True,data/processed\energetic\hiphop_hiphop.00034.wav
data/processed\energetic_enhanced\hiphop_hiphop.00034_pitch_-1.wav,energetic,True,data/processed\energetic\hiphop_hiphop.00034.wav
data/processed\energetic_enhanced\hiphop_hiphop.00034_pitch_+1.wav,energetic,True,data/processed\energetic\hiphop_hiphop.00034.wav
data/processed\energetic_enhanced\hiphop_hiphop.00034_pitch_+2.wav,energetic,True,data/processed\energetic\hiphop_hiphop.00034.wav
data/processed\energetic_enhanced\hiphop_hiphop.00034_stretch_0.8.wav,energetic,True,data/processed\energetic\hiphop_hiphop.00034.wav
data/processed\energetic_enhanced\hiphop_hiphop.00034_stretch_0.9.wav,energetic,True,data/processed\energetic\hiphop_hiphop.00034.wav
data/processed\energetic_enhanced\hiphop_hiphop.00034_stretch_1.1.wav,energetic,True,data/processed\energetic\hiphop_hiphop.00034.wav
data/processed\energetic_enhanced\hiphop_hiphop.00034_stretch_1.2.wav,energetic,True,data/processed\energetic\hiphop_hiphop.00034.wav
data/processed\energetic_enhanced\hiphop_hiphop.00034_noise_0.005.wav,energetic,True,data/processed\energetic\hiphop_hiphop.00034.wav
data/processed\energetic_enhanced\hiphop_hiphop.00034_noise_0.010.wav,energetic,True,data/processed\energetic\hiphop_hiphop.00034.wav
data/processed\energetic_enhanced\hiphop_hiphop.00035_pitch_-2.wav,energetic,True,data/processed\energetic\hiphop_hiphop.00035.wav
data/processed\energetic_enhanced\hiphop_hiphop.00035_pitch_-1.wav,energetic,True,data/processed\energetic\hiphop_hiphop.00035.wav
data/processed\energetic_enhanced\hiphop_hiphop.00035_pitch_+1.wav,energetic,True,data/processed\energetic\hiphop_hiphop.00035.wav
data/processed\energetic_enhanced\hiphop_hiphop.00035_pitch_+2.wav,energetic,True,data/processed\energetic\hiphop_hiphop.00035.wav
data/processed\energetic_enhanced\hiphop_hiphop.00035_stretch_0.8.wav,energetic,True,data/processed\energetic\hiphop_hiphop.00035.wav
data/processed\energetic_enhanced\hiphop_hiphop.00035_stretch_0.9.wav,energetic,True,data/processed\energetic\hiphop_hiphop.00035.wav
data/processed\energetic_enhanced\hiphop_hiphop.00035_stretch_1.1.wav,energetic,True,data/processed\energetic\hiphop_hiphop.00035.wav
data/processed\energetic_enhanced\hiphop_hiphop.00035_stretch_1.2.wav,energetic,True,data/processed\energetic\hiphop_hiphop.00035.wav
data/processed\energetic_enhanced\hiphop_hiphop.00035_noise_0.005.wav,energetic,True,data/processed\energetic\hiphop_hiphop.00035.wav
data/processed\energetic_enhanced\hiphop_hiphop.00035_noise_0.010.wav,energetic,True,data/processed\energetic\hiphop_hiphop.00035.wav
data/processed\energetic_enhanced\hiphop_hiphop.00036_pitch_-2.wav,energetic,True,data/processed\energetic\hiphop_hiphop.00036.wav
data/processed\energetic_enhanced\hiphop_hiphop.00036_pitch_-1.wav,energetic,True,data/processed\energetic\hiphop_hiphop.00036.wav
data/processed\energetic_enhanced\hiphop_hiphop.00036_pitch_+1.wav,energetic,True,data/processed\energetic\hiphop_hiphop.00036.wav
data/processed\energetic_enhanced\hiphop_hiphop.00036_pitch_+2.wav,energetic,True,data/processed\energetic\hiphop_hiphop.00036.wav
data/processed\energetic_enhanced\hiphop_hiphop.00036_stretch_0.8.wav,energetic,True,data/processed\energetic\hiphop_hiphop.00036.wav
data/processed\energetic_enhanced\hiphop_hiphop.00036_stretch_0.9.wav,energetic,True,data/processed\energetic\hiphop_hiphop.00036.wav
data/processed\energetic_enhanced\hiphop_hiphop.00036_stretch_1.1.wav,energetic,True,data/processed\energetic\hiphop_hiphop.00036.wav
data/processed\energetic_enhanced\hiphop_hiphop.00036_stretch_1.2.wav,energetic,True,data/processed\energetic\hiphop_hiphop.00036.wav
data/processed\energetic_enhanced\hiphop_hiphop.00036_noise_0.005.wav,energetic,True,data/processed\energetic\hiphop_hiphop.00036.wav
data/processed\energetic_enhanced\hiphop_hiphop.00036_noise_0.010.wav,energetic,True,data/processed\energetic\hiphop_hiphop.00036.wav
data/processed\energetic_enhanced\hiphop_hiphop.00037_pitch_-2.wav,energetic,True,data/processed\energetic\hiphop_hiphop.00037.wav
data/processed\energetic_enhanced\hiphop_hiphop.00037_pitch_-1.wav,energetic,True,data/processed\energetic\hiphop_hiphop.00037.wav
data/processed\energetic_enhanced\hiphop_hiphop.00037_pitch_+1.wav,energetic,True,data/processed\energetic\hiphop_hiphop.00037.wav
data/processed\energetic_enhanced\hiphop_hiphop.00037_pitch_+2.wav,energetic,True,data/processed\energetic\hiphop_hiphop.00037.wav
data/processed\energetic_enhanced\hiphop_hiphop.00037_stretch_0.8.wav,energetic,True,data/processed\energetic\hiphop_hiphop.00037.wav
data/processed\energetic_enhanced\hiphop_hiphop.00037_stretch_0.9.wav,energetic,True,data/processed\energetic\hiphop_hiphop.00037.wav
data/processed\energetic_enhanced\hiphop_hiphop.00037_stretch_1.1.wav,energetic,True,data/processed\energetic\hiphop_hiphop.00037.wav
data/processed\energetic_enhanced\hiphop_hiphop.00037_stretch_1.2.wav,energetic,True,data/processed\energetic\hiphop_hiphop.00037.wav
data/processed\energetic_enhanced\hiphop_hiphop.00037_noise_0.005.wav,energetic,True,data/processed\energetic\hiphop_hiphop.00037.wav
data/processed\energetic_enhanced\hiphop_hiphop.00037_noise_0.010.wav,energetic,True,data/processed\energetic\hiphop_hiphop.00037.wav
data/processed\energetic_enhanced\hiphop_hiphop.00038_pitch_-2.wav,energetic,True,data/processed\energetic\hiphop_hiphop.00038.wav
data/processed\energetic_enhanced\hiphop_hiphop.00038_pitch_-1.wav,energetic,True,data/processed\energetic\hiphop_hiphop.00038.wav
data/processed\energetic_enhanced\hiphop_hiphop.00038_pitch_+1.wav,energetic,True,data/processed\energetic\hiphop_hiphop.00038.wav
data/processed\energetic_enhanced\hiphop_hiphop.00038_pitch_+2.wav,energetic,True,data/processed\energetic\hiphop_hiphop.00038.wav
data/processed\energetic_enhanced\hiphop_hiphop.00038_stretch_0.8.wav,energetic,True,data/processed\energetic\hiphop_hiphop.00038.wav
data/processed\energetic_enhanced\hiphop_hiphop.00038_stretch_0.9.wav,energetic,True,data/processed\energetic\hiphop_hiphop.00038.wav
data/processed\energetic_enhanced\hiphop_hiphop.00038_stretch_1.1.wav,energetic,True,data/processed\energetic\hiphop_hiphop.00038.wav
data/processed\energetic_enhanced\hiphop_hiphop.00038_stretch_1.2.wav,energetic,True,data/processed\energetic\hiphop_hiphop.00038.wav
data/processed\energetic_enhanced\hiphop_hiphop.00038_noise_0.005.wav,energetic,True,data/processed\energetic\hiphop_hiphop.00038.wav
data/processed\energetic_enhanced\hiphop_hiphop.00038_noise_0.010.wav,energetic,True,data/processed\energetic\hiphop_hiphop.00038.wav
data/processed\energetic_enhanced\hiphop_hiphop.00039_pitch_-2.wav,energetic,True,data/processed\energetic\hiphop_hiphop.00039.wav
data/processed\energetic_enhanced\hiphop_hiphop.00039_pitch_-1.wav,energetic,True,data/processed\energetic\hiphop_hiphop.00039.wav
data/processed\energetic_enhanced\hiphop_hiphop.00039_pitch_+1.wav,energetic,True,data/processed\energetic\hiphop_hiphop.00039.wav
data/processed\energetic_enhanced\hiphop_hiphop.00039_pitch_+2.wav,energetic,True,data/processed\energetic\hiphop_hiphop.00039.wav
data/processed\energetic_enhanced\hiphop_hiphop.00039_stretch_0.8.wav,energetic,True,data/processed\energetic\hiphop_hiphop.00039.wav
data/processed\energetic_enhanced\hiphop_hiphop.00039_stretch_0.9.wav,energetic,True,data/processed\energetic\hiphop_hiphop.00039.wav
data/processed\energetic_enhanced\hiphop_hiphop.00039_stretch_1.1.wav,energetic,True,data/processed\energetic\hiphop_hiphop.00039.wav
data/processed\energetic_enhanced\hiphop_hiphop.00039_stretch_1.2.wav,energetic,True,data/processed\energetic\hiphop_hiphop.00039.wav
data/processed\energetic_enhanced\hiphop_hiphop.00039_noise_0.005.wav,energetic,True,data/processed\energetic\hiphop_hiphop.00039.wav
data/processed\energetic_enhanced\hiphop_hiphop.00039_noise_0.010.wav,energetic,True,data/processed\energetic\hiphop_hiphop.00039.wav
data/processed\energetic_enhanced\hiphop_hiphop.00040_pitch_-2.wav,energetic,True,data/processed\energetic\hiphop_hiphop.00040.wav
data/processed\energetic_enhanced\hiphop_hiphop.00040_pitch_-1.wav,energetic,True,data/processed\energetic\hiphop_hiphop.00040.wav
data/processed\energetic_enhanced\hiphop_hiphop.00040_pitch_+1.wav,energetic,True,data/processed\energetic\hiphop_hiphop.00040.wav
data/processed\energetic_enhanced\hiphop_hiphop.00040_pitch_+2.wav,energetic,True,data/processed\energetic\hiphop_hiphop.00040.wav
data/processed\energetic_enhanced\hiphop_hiphop.00040_stretch_0.8.wav,energetic,True,data/processed\energetic\hiphop_hiphop.00040.wav
data/processed\energetic_enhanced\hiphop_hiphop.00040_stretch_0.9.wav,energetic,True,data/processed\energetic\hiphop_hiphop.00040.wav
data/processed\energetic_enhanced\hiphop_hiphop.00040_stretch_1.1.wav,energetic,True,data/processed\energetic\hiphop_hiphop.00040.wav
data/processed\energetic_enhanced\hiphop_hiphop.00040_stretch_1.2.wav,energetic,True,data/processed\energetic\hiphop_hiphop.00040.wav
data/processed\energetic_enhanced\hiphop_hiphop.00040_noise_0.005.wav,energetic,True,data/processed\energetic\hiphop_hiphop.00040.wav
data/processed\energetic_enhanced\hiphop_hiphop.00040_noise_0.010.wav,energetic,True,data/processed\energetic\hiphop_hiphop.00040.wav
data/processed\energetic_enhanced\hiphop_hiphop.00041_pitch_-2.wav,energetic,True,data/processed\energetic\hiphop_hiphop.00041.wav
data/processed\energetic_enhanced\hiphop_hiphop.00041_pitch_-1.wav,energetic,True,data/processed\energetic\hiphop_hiphop.00041.wav
data/processed\energetic_enhanced\hiphop_hiphop.00041_pitch_+1.wav,energetic,True,data/processed\energetic\hiphop_hiphop.00041.wav
data/processed\energetic_enhanced\hiphop_hiphop.00041_pitch_+2.wav,energetic,True,data/processed\energetic\hiphop_hiphop.00041.wav
data/processed\energetic_enhanced\hiphop_hiphop.00041_stretch_0.8.wav,energetic,True,data/processed\energetic\hiphop_hiphop.00041.wav
data/processed\energetic_enhanced\hiphop_hiphop.00041_stretch_0.9.wav,energetic,True,data/processed\energetic\hiphop_hiphop.00041.wav
data/processed\energetic_enhanced\hiphop_hiphop.00041_stretch_1.1.wav,energetic,True,data/processed\energetic\hiphop_hiphop.00041.wav
data/processed\energetic_enhanced\hiphop_hiphop.00041_stretch_1.2.wav,energetic,True,data/processed\energetic\hiphop_hiphop.00041.wav
data/processed\energetic_enhanced\hiphop_hiphop.00041_noise_0.005.wav,energetic,True,data/processed\energetic\hiphop_hiphop.00041.wav
data/processed\energetic_enhanced\hiphop_hiphop.00041_noise_0.010.wav,energetic,True,data/processed\energetic\hiphop_hiphop.00041.wav
data/processed\energetic_enhanced\hiphop_hiphop.00042_pitch_-2.wav,energetic,True,data/processed\energetic\hiphop_hiphop.00042.wav
data/processed\energetic_enhanced\hiphop_hiphop.00042_pitch_-1.wav,energetic,True,data/processed\energetic\hiphop_hiphop.00042.wav
data/processed\energetic_enhanced\hiphop_hiphop.00042_pitch_+1.wav,energetic,True,data/processed\energetic\hiphop_hiphop.00042.wav
data/processed\energetic_enhanced\hiphop_hiphop.00042_pitch_+2.wav,energetic,True,data/processed\energetic\hiphop_hiphop.00042.wav
data/processed\energetic_enhanced\hiphop_hiphop.00042_stretch_0.8.wav,energetic,True,data/processed\energetic\hiphop_hiphop.00042.wav
data/processed\energetic_enhanced\hiphop_hiphop.00042_stretch_0.9.wav,energetic,True,data/processed\energetic\hiphop_hiphop.00042.wav
data/processed\energetic_enhanced\hiphop_hiphop.00042_stretch_1.1.wav,energetic,True,data/processed\energetic\hiphop_hiphop.00042.wav
data/processed\energetic_enhanced\hiphop_hiphop.00042_stretch_1.2.wav,energetic,True,data/processed\energetic\hiphop_hiphop.00042.wav
data/processed\energetic_enhanced\hiphop_hiphop.00042_noise_0.005.wav,energetic,True,data/processed\energetic\hiphop_hiphop.00042.wav
data/processed\energetic_enhanced\hiphop_hiphop.00042_noise_0.010.wav,energetic,True,data/processed\energetic\hiphop_hiphop.00042.wav
data/processed\energetic_enhanced\hiphop_hiphop.00043_pitch_-2.wav,energetic,True,data/processed\energetic\hiphop_hiphop.00043.wav
data/processed\energetic_enhanced\hiphop_hiphop.00043_pitch_-1.wav,energetic,True,data/processed\energetic\hiphop_hiphop.00043.wav
data/processed\energetic_enhanced\hiphop_hiphop.00043_pitch_+1.wav,energetic,True,data/processed\energetic\hiphop_hiphop.00043.wav
data/processed\energetic_enhanced\hiphop_hiphop.00043_pitch_+2.wav,energetic,True,data/processed\energetic\hiphop_hiphop.00043.wav
data/processed\energetic_enhanced\hiphop_hiphop.00043_stretch_0.8.wav,energetic,True,data/processed\energetic\hiphop_hiphop.00043.wav
data/processed\energetic_enhanced\hiphop_hiphop.00043_stretch_0.9.wav,energetic,True,data/processed\energetic\hiphop_hiphop.00043.wav
data/processed\energetic_enhanced\hiphop_hiphop.00043_stretch_1.1.wav,energetic,True,data/processed\energetic\hiphop_hiphop.00043.wav
data/processed\energetic_enhanced\hiphop_hiphop.00043_stretch_1.2.wav,energetic,True,data/processed\energetic\hiphop_hiphop.00043.wav
data/processed\energetic_enhanced\hiphop_hiphop.00043_noise_0.005.wav,energetic,True,data/processed\energetic\hiphop_hiphop.00043.wav
data/processed\energetic_enhanced\hiphop_hiphop.00043_noise_0.010.wav,energetic,True,data/processed\energetic\hiphop_hiphop.00043.wav
data/processed\energetic_enhanced\hiphop_hiphop.00044_pitch_-2.wav,energetic,True,data/processed\energetic\hiphop_hiphop.00044.wav
data/processed\energetic_enhanced\hiphop_hiphop.00044_pitch_-1.wav,energetic,True,data/processed\energetic\hiphop_hiphop.00044.wav
data/processed\energetic_enhanced\hiphop_hiphop.00044_pitch_+1.wav,energetic,True,data/processed\energetic\hiphop_hiphop.00044.wav
data/processed\energetic_enhanced\hiphop_hiphop.00044_pitch_+2.wav,energetic,True,data/processed\energetic\hiphop_hiphop.00044.wav
data/processed\energetic_enhanced\hiphop_hiphop.00044_stretch_0.8.wav,energetic,True,data/processed\energetic\hiphop_hiphop.00044.wav
data/processed\energetic_enhanced\hiphop_hiphop.00044_stretch_0.9.wav,energetic,True,data/processed\energetic\hiphop_hiphop.00044.wav
data/processed\energetic_enhanced\hiphop_hiphop.00044_stretch_1.1.wav,energetic,True,data/processed\energetic\hiphop_hiphop.00044.wav
data/processed\energetic_enhanced\hiphop_hiphop.00044_stretch_1.2.wav,energetic,True,data/processed\energetic\hiphop_hiphop.00044.wav
data/processed\energetic_enhanced\hiphop_hiphop.00044_noise_0.005.wav,energetic,True,data/processed\energetic\hiphop_hiphop.00044.wav
data/processed\energetic_enhanced\hiphop_hiphop.00044_noise_0.010.wav,energetic,True,data/processed\energetic\hiphop_hiphop.00044.wav
data/processed\energetic_enhanced\hiphop_hiphop.00045_pitch_-2.wav,energetic,True,data/processed\energetic\hiphop_hiphop.00045.wav
data/processed\energetic_enhanced\hiphop_hiphop.00045_pitch_-1.wav,energetic,True,data/processed\energetic\hiphop_hiphop.00045.wav
data/processed\energetic_enhanced\hiphop_hiphop.00045_pitch_+1.wav,energetic,True,data/processed\energetic\hiphop_hiphop.00045.wav
data/processed\energetic_enhanced\hiphop_hiphop.00045_pitch_+2.wav,energetic,True,data/processed\energetic\hiphop_hiphop.00045.wav
data/processed\energetic_enhanced\hiphop_hiphop.00045_stretch_0.8.wav,energetic,True,data/processed\energetic\hiphop_hiphop.00045.wav
data/processed\energetic_enhanced\hiphop_hiphop.00045_stretch_0.9.wav,energetic,True,data/processed\energetic\hiphop_hiphop.00045.wav
data/processed\energetic_enhanced\hiphop_hiphop.00045_stretch_1.1.wav,energetic,True,data/processed\energetic\hiphop_hiphop.00045.wav
data/processed\energetic_enhanced\hiphop_hiphop.00045_stretch_1.2.wav,energetic,True,data/processed\energetic\hiphop_hiphop.00045.wav
data/processed\energetic_enhanced\hiphop_hiphop.00045_noise_0.005.wav,energetic,True,data/processed\energetic\hiphop_hiphop.00045.wav
data/processed\energetic_enhanced\hiphop_hiphop.00045_noise_0.010.wav,energetic,True,data/processed\energetic\hiphop_hiphop.00045.wav
data/processed\energetic_enhanced\hiphop_hiphop.00046_pitch_-2.wav,energetic,True,data/processed\energetic\hiphop_hiphop.00046.wav
data/processed\energetic_enhanced\hiphop_hiphop.00046_pitch_-1.wav,energetic,True,data/processed\energetic\hiphop_hiphop.00046.wav
data/processed\energetic_enhanced\hiphop_hiphop.00046_pitch_+1.wav,energetic,True,data/processed\energetic\hiphop_hiphop.00046.wav
data/processed\energetic_enhanced\hiphop_hiphop.00046_pitch_+2.wav,energetic,True,data/processed\energetic\hiphop_hiphop.00046.wav
data/processed\energetic_enhanced\hiphop_hiphop.00046_stretch_0.8.wav,energetic,True,data/processed\energetic\hiphop_hiphop.00046.wav
data/processed\energetic_enhanced\hiphop_hiphop.00046_stretch_0.9.wav,energetic,True,data/processed\energetic\hiphop_hiphop.00046.wav
data/processed\energetic_enhanced\hiphop_hiphop.00046_stretch_1.1.wav,energetic,True,data/processed\energetic\hiphop_hiphop.00046.wav
data/processed\energetic_enhanced\hiphop_hiphop.00046_stretch_1.2.wav,energetic,True,data/processed\energetic\hiphop_hiphop.00046.wav
data/processed\energetic_enhanced\hiphop_hiphop.00046_noise_0.005.wav,energetic,True,data/processed\energetic\hiphop_hiphop.00046.wav
data/processed\energetic_enhanced\hiphop_hiphop.00046_noise_0.010.wav,energetic,True,data/processed\energetic\hiphop_hiphop.00046.wav
data/processed\energetic_enhanced\hiphop_hiphop.00047_pitch_-2.wav,energetic,True,data/processed\energetic\hiphop_hiphop.00047.wav
data/processed\energetic_enhanced\hiphop_hiphop.00047_pitch_-1.wav,energetic,True,data/processed\energetic\hiphop_hiphop.00047.wav
data/processed\energetic_enhanced\hiphop_hiphop.00047_pitch_+1.wav,energetic,True,data/processed\energetic\hiphop_hiphop.00047.wav
data/processed\energetic_enhanced\hiphop_hiphop.00047_pitch_+2.wav,energetic,True,data/processed\energetic\hiphop_hiphop.00047.wav
data/processed\energetic_enhanced\hiphop_hiphop.00047_stretch_0.8.wav,energetic,True,data/processed\energetic\hiphop_hiphop.00047.wav
data/processed\energetic_enhanced\hiphop_hiphop.00047_stretch_0.9.wav,energetic,True,data/processed\energetic\hiphop_hiphop.00047.wav
data/processed\energetic_enhanced\hiphop_hiphop.00047_stretch_1.1.wav,energetic,True,data/processed\energetic\hiphop_hiphop.00047.wav
data/processed\energetic_enhanced\hiphop_hiphop.00047_stretch_1.2.wav,energetic,True,data/processed\energetic\hiphop_hiphop.00047.wav
data/processed\energetic_enhanced\hiphop_hiphop.00047_noise_0.005.wav,energetic,True,data/processed\energetic\hiphop_hiphop.00047.wav
data/processed\energetic_enhanced\hiphop_hiphop.00047_noise_0.010.wav,energetic,True,data/processed\energetic\hiphop_hiphop.00047.wav
data/processed\energetic_enhanced\hiphop_hiphop.00048_pitch_-2.wav,energetic,True,data/processed\energetic\hiphop_hiphop.00048.wav
data/processed\energetic_enhanced\hiphop_hiphop.00048_pitch_-1.wav,energetic,True,data/processed\energetic\hiphop_hiphop.00048.wav
data/processed\energetic_enhanced\hiphop_hiphop.00048_pitch_+1.wav,energetic,True,data/processed\energetic\hiphop_hiphop.00048.wav
data/processed\energetic_enhanced\hiphop_hiphop.00048_pitch_+2.wav,energetic,True,data/processed\energetic\hiphop_hiphop.00048.wav
data/processed\energetic_enhanced\hiphop_hiphop.00048_stretch_0.8.wav,energetic,True,data/processed\energetic\hiphop_hiphop.00048.wav
data/processed\energetic_enhanced\hiphop_hiphop.00048_stretch_0.9.wav,energetic,True,data/processed\energetic\hiphop_hiphop.00048.wav
data/processed\energetic_enhanced\hiphop_hiphop.00048_stretch_1.1.wav,energetic,True,data/processed\energetic\hiphop_hiphop.00048.wav
data/processed\energetic_enhanced\hiphop_hiphop.00048_stretch_1.2.wav,energetic,True,data/processed\energetic\hiphop_hiphop.00048.wav
data/processed\energetic_enhanced\hiphop_hiphop.00048_noise_0.005.wav,energetic,True,data/processed\energetic\hiphop_hiphop.00048.wav
data/processed\energetic_enhanced\hiphop_hiphop.00048_noise_0.010.wav,energetic,True,data/processed\energetic\hiphop_hiphop.00048.wav
data/processed\energetic_enhanced\hiphop_hiphop.00049_pitch_-2.wav,energetic,True,data/processed\energetic\hiphop_hiphop.00049.wav
data/processed\energetic_enhanced\hiphop_hiphop.00049_pitch_-1.wav,energetic,True,data/processed\energetic\hiphop_hiphop.00049.wav
data/processed\energetic_enhanced\hiphop_hiphop.00049_pitch_+1.wav,energetic,True,data/processed\energetic\hiphop_hiphop.00049.wav
data/processed\energetic_enhanced\hiphop_hiphop.00049_pitch_+2.wav,energetic,True,data/processed\energetic\hiphop_hiphop.00049.wav
data/processed\energetic_enhanced\hiphop_hiphop.00049_stretch_0.8.wav,energetic,True,data/processed\energetic\hiphop_hiphop.00049.wav
data/processed\energetic_enhanced\hiphop_hiphop.00049_stretch_0.9.wav,energetic,True,data/processed\energetic\hiphop_hiphop.00049.wav
data/processed\energetic_enhanced\hiphop_hiphop.00049_stretch_1.1.wav,energetic,True,data/processed\energetic\hiphop_hiphop.00049.wav
data/processed\energetic_enhanced\hiphop_hiphop.00049_stretch_1.2.wav,energetic,True,data/processed\energetic\hiphop_hiphop.00049.wav
data/processed\energetic_enhanced\hiphop_hiphop.00049_noise_0.005.wav,energetic,True,data/processed\energetic\hiphop_hiphop.00049.wav
data/processed\energetic_enhanced\hiphop_hiphop.00049_noise_0.010.wav,energetic,True,data/processed\energetic\hiphop_hiphop.00049.wav
data/processed\happy_enhanced\disco_disco.00000_pitch_-2.wav,happy,True,data/processed\happy\disco_disco.00000.wav
data/processed\happy_enhanced\disco_disco.00000_pitch_-1.wav,happy,True,data/processed\happy\disco_disco.00000.wav
data/processed\happy_enhanced\disco_disco.00000_pitch_+1.wav,happy,True,data/processed\happy\disco_disco.00000.wav
data/processed\happy_enhanced\disco_disco.00000_pitch_+2.wav,happy,True,data/processed\happy\disco_disco.00000.wav
data/processed\happy_enhanced\disco_disco.00000_stretch_0.8.wav,happy,True,data/processed\happy\disco_disco.00000.wav
data/processed\happy_enhanced\disco_disco.00000_stretch_0.9.wav,happy,True,data/processed\happy\disco_disco.00000.wav
data/processed\happy_enhanced\disco_disco.00000_stretch_1.1.wav,happy,True,data/processed\happy\disco_disco.00000.wav
data/processed\happy_enhanced\disco_disco.00000_stretch_1.2.wav,happy,True,data/processed\happy\disco_disco.00000.wav
data/processed\happy_enhanced\disco_disco.00000_noise_0.005.wav,happy,True,data/processed\happy\disco_disco.00000.wav
data/processed\happy_enhanced\disco_disco.00000_noise_0.010.wav,happy,True,data/processed\happy\disco_disco.00000.wav
data/processed\happy_enhanced\disco_disco.00001_pitch_-2.wav,happy,True,data/processed\happy\disco_disco.00001.wav
data/processed\happy_enhanced\disco_disco.00001_pitch_-1.wav,happy,True,data/processed\happy\disco_disco.00001.wav
data/processed\happy_enhanced\disco_disco.00001_pitch_+1.wav,happy,True,data/processed\happy\disco_disco.00001.wav
data/processed\happy_enhanced\disco_disco.00001_pitch_+2.wav,happy,True,data/processed\happy\disco_disco.00001.wav
data/processed\happy_enhanced\disco_disco.00001_stretch_0.8.wav,happy,True,data/processed\happy\disco_disco.00001.wav
data/processed\happy_enhanced\disco_disco.00001_stretch_0.9.wav,happy,True,data/processed\happy\disco_disco.00001.wav
data/processed\happy_enhanced\disco_disco.00001_stretch_1.1.wav,happy,True,data/processed\happy\disco_disco.00001.wav
data/processed\happy_enhanced\disco_disco.00001_stretch_1.2.wav,happy,True,data/processed\happy\disco_disco.00001.wav
data/processed\happy_enhanced\disco_disco.00001_noise_0.005.wav,happy,True,data/processed\happy\disco_disco.00001.wav
data/processed\happy_enhanced\disco_disco.00001_noise_0.010.wav,happy,True,data/processed\happy\disco_disco.00001.wav
data/processed\happy_enhanced\disco_disco.00002_pitch_-2.wav,happy,True,data/processed\happy\disco_disco.00002.wav
data/processed\happy_enhanced\disco_disco.00002_pitch_-1.wav,happy,True,data/processed\happy\disco_disco.00002.wav
data/processed\happy_enhanced\disco_disco.00002_pitch_+1.wav,happy,True,data/processed\happy\disco_disco.00002.wav
data/processed\happy_enhanced\disco_disco.00002_pitch_+2.wav,happy,True,data/processed\happy\disco_disco.00002.wav
data/processed\happy_enhanced\disco_disco.00002_stretch_0.8.wav,happy,True,data/processed\happy\disco_disco.00002.wav
data/processed\happy_enhanced\disco_disco.00002_stretch_0.9.wav,happy,True,data/processed\happy\disco_disco.00002.wav
data/processed\happy_enhanced\disco_disco.00002_stretch_1.1.wav,happy,True,data/processed\happy\disco_disco.00002.wav
data/processed\happy_enhanced\disco_disco.00002_stretch_1.2.wav,happy,True,data/processed\happy\disco_disco.00002.wav
data/processed\happy_enhanced\disco_disco.00002_noise_0.005.wav,happy,True,data/processed\happy\disco_disco.00002.wav
data/processed\happy_enhanced\disco_disco.00002_noise_0.010.wav,happy,True,data/processed\happy\disco_disco.00002.wav
data/processed\happy_enhanced\disco_disco.00003_pitch_-2.wav,happy,True,data/processed\happy\disco_disco.00003.wav
data/processed\happy_enhanced\disco_disco.00003_pitch_-1.wav,happy,True,data/processed\happy\disco_disco.00003.wav
data/processed\happy_enhanced\disco_disco.00003_pitch_+1.wav,happy,True,data/processed\happy\disco_disco.00003.wav
data/processed\happy_enhanced\disco_disco.00003_pitch_+2.wav,happy,True,data/processed\happy\disco_disco.00003.wav
data/processed\happy_enhanced\disco_disco.00003_stretch_0.8.wav,happy,True,data/processed\happy\disco_disco.00003.wav
data/processed\happy_enhanced\disco_disco.00003_stretch_0.9.wav,happy,True,data/processed\happy\disco_disco.00003.wav
data/processed\happy_enhanced\disco_disco.00003_stretch_1.1.wav,happy,True,data/processed\happy\disco_disco.00003.wav
data/processed\happy_enhanced\disco_disco.00003_stretch_1.2.wav,happy,True,data/processed\happy\disco_disco.00003.wav
data/processed\happy_enhanced\disco_disco.00003_noise_0.005.wav,happy,True,data/processed\happy\disco_disco.00003.wav
data/processed\happy_enhanced\disco_disco.00003_noise_0.010.wav,happy,True,data/processed\happy\disco_disco.00003.wav
data/processed\happy_enhanced\disco_disco.00004_pitch_-2.wav,happy,True,data/processed\happy\disco_disco.00004.wav
data/processed\happy_enhanced\disco_disco.00004_pitch_-1.wav,happy,True,data/processed\happy\disco_disco.00004.wav
data/processed\happy_enhanced\disco_disco.00004_pitch_+1.wav,happy,True,data/processed\happy\disco_disco.00004.wav
data/processed\happy_enhanced\disco_disco.00004_pitch_+2.wav,happy,True,data/processed\happy\disco_disco.00004.wav
data/processed\happy_enhanced\disco_disco.00004_stretch_0.8.wav,happy,True,data/processed\happy\disco_disco.00004.wav
data/processed\happy_enhanced\disco_disco.00004_stretch_0.9.wav,happy,True,data/processed\happy\disco_disco.00004.wav
data/processed\happy_enhanced\disco_disco.00004_stretch_1.1.wav,happy,True,data/processed\happy\disco_disco.00004.wav
data/processed\happy_enhanced\disco_disco.00004_stretch_1.2.wav,happy,True,data/processed\happy\disco_disco.00004.wav
data/processed\happy_enhanced\disco_disco.00004_noise_0.005.wav,happy,True,data/processed\happy\disco_disco.00004.wav
data/processed\happy_enhanced\disco_disco.00004_noise_0.010.wav,happy,True,data/processed\happy\disco_disco.00004.wav
data/processed\happy_enhanced\disco_disco.00005_pitch_-2.wav,happy,True,data/processed\happy\disco_disco.00005.wav
data/processed\happy_enhanced\disco_disco.00005_pitch_-1.wav,happy,True,data/processed\happy\disco_disco.00005.wav
data/processed\happy_enhanced\disco_disco.00005_pitch_+1.wav,happy,True,data/processed\happy\disco_disco.00005.wav
data/processed\happy_enhanced\disco_disco.00005_pitch_+2.wav,happy,True,data/processed\happy\disco_disco.00005.wav
data/processed\happy_enhanced\disco_disco.00005_stretch_0.8.wav,happy,True,data/processed\happy\disco_disco.00005.wav
data/processed\happy_enhanced\disco_disco.00005_stretch_0.9.wav,happy,True,data/processed\happy\disco_disco.00005.wav
data/processed\happy_enhanced\disco_disco.00005_stretch_1.1.wav,happy,True,data/processed\happy\disco_disco.00005.wav
data/processed\happy_enhanced\disco_disco.00005_stretch_1.2.wav,happy,True,data/processed\happy\disco_disco.00005.wav
data/processed\happy_enhanced\disco_disco.00005_noise_0.005.wav,happy,True,data/processed\happy\disco_disco.00005.wav
data/processed\happy_enhanced\disco_disco.00005_noise_0.010.wav,happy,True,data/processed\happy\disco_disco.00005.wav
data/processed\happy_enhanced\disco_disco.00006_pitch_-2.wav,happy,True,data/processed\happy\disco_disco.00006.wav
data/processed\happy_enhanced\disco_disco.00006_pitch_-1.wav,happy,True,data/processed\happy\disco_disco.00006.wav
data/processed\happy_enhanced\disco_disco.00006_pitch_+1.wav,happy,True,data/processed\happy\disco_disco.00006.wav
data/processed\happy_enhanced\disco_disco.00006_pitch_+2.wav,happy,True,data/processed\happy\disco_disco.00006.wav
data/processed\happy_enhanced\disco_disco.00006_stretch_0.8.wav,happy,True,data/processed\happy\disco_disco.00006.wav
data/processed\happy_enhanced\disco_disco.00006_stretch_0.9.wav,happy,True,data/processed\happy\disco_disco.00006.wav
data/processed\happy_enhanced\disco_disco.00006_stretch_1.1.wav,happy,True,data/processed\happy\disco_disco.00006.wav
data/processed\happy_enhanced\disco_disco.00006_stretch_1.2.wav,happy,True,data/processed\happy\disco_disco.00006.wav
data/processed\happy_enhanced\disco_disco.00006_noise_0.005.wav,happy,True,data/processed\happy\disco_disco.00006.wav
data/processed\happy_enhanced\disco_disco.00006_noise_0.010.wav,happy,True,data/processed\happy\disco_disco.00006.wav
data/processed\happy_enhanced\disco_disco.00007_pitch_-2.wav,happy,True,data/processed\happy\disco_disco.00007.wav
data/processed\happy_enhanced\disco_disco.00007_pitch_-1.wav,happy,True,data/processed\happy\disco_disco.00007.wav
data/processed\happy_enhanced\disco_disco.00007_pitch_+1.wav,happy,True,data/processed\happy\disco_disco.00007.wav
data/processed\happy_enhanced\disco_disco.00007_pitch_+2.wav,happy,True,data/processed\happy\disco_disco.00007.wav
data/processed\happy_enhanced\disco_disco.00007_stretch_0.8.wav,happy,True,data/processed\happy\disco_disco.00007.wav
data/processed\happy_enhanced\disco_disco.00007_stretch_0.9.wav,happy,True,data/processed\happy\disco_disco.00007.wav
data/processed\happy_enhanced\disco_disco.00007_stretch_1.1.wav,happy,True,data/processed\happy\disco_disco.00007.wav
data/processed\happy_enhanced\disco_disco.00007_stretch_1.2.wav,happy,True,data/processed\happy\disco_disco.00007.wav
data/processed\happy_enhanced\disco_disco.00007_noise_0.005.wav,happy,True,data/processed\happy\disco_disco.00007.wav
data/processed\happy_enhanced\disco_disco.00007_noise_0.010.wav,happy,True,data/processed\happy\disco_disco.00007.wav
data/processed\happy_enhanced\disco_disco.00008_pitch_-2.wav,happy,True,data/processed\happy\disco_disco.00008.wav
data/processed\happy_enhanced\disco_disco.00008_pitch_-1.wav,happy,True,data/processed\happy\disco_disco.00008.wav
data/processed\happy_enhanced\disco_disco.00008_pitch_+1.wav,happy,True,data/processed\happy\disco_disco.00008.wav
data/processed\happy_enhanced\disco_disco.00008_pitch_+2.wav,happy,True,data/processed\happy\disco_disco.00008.wav
data/processed\happy_enhanced\disco_disco.00008_stretch_0.8.wav,happy,True,data/processed\happy\disco_disco.00008.wav
data/processed\happy_enhanced\disco_disco.00008_stretch_0.9.wav,happy,True,data/processed\happy\disco_disco.00008.wav
data/processed\happy_enhanced\disco_disco.00008_stretch_1.1.wav,happy,True,data/processed\happy\disco_disco.00008.wav
data/processed\happy_enhanced\disco_disco.00008_stretch_1.2.wav,happy,True,data/processed\happy\disco_disco.00008.wav
data/processed\happy_enhanced\disco_disco.00008_noise_0.005.wav,happy,True,data/processed\happy\disco_disco.00008.wav
data/processed\happy_enhanced\disco_disco.00008_noise_0.010.wav,happy,True,data/processed\happy\disco_disco.00008.wav
data/processed\happy_enhanced\disco_disco.00009_pitch_-2.wav,happy,True,data/processed\happy\disco_disco.00009.wav
data/processed\happy_enhanced\disco_disco.00009_pitch_-1.wav,happy,True,data/processed\happy\disco_disco.00009.wav
data/processed\happy_enhanced\disco_disco.00009_pitch_+1.wav,happy,True,data/processed\happy\disco_disco.00009.wav
data/processed\happy_enhanced\disco_disco.00009_pitch_+2.wav,happy,True,data/processed\happy\disco_disco.00009.wav
data/processed\happy_enhanced\disco_disco.00009_stretch_0.8.wav,happy,True,data/processed\happy\disco_disco.00009.wav
data/processed\happy_enhanced\disco_disco.00009_stretch_0.9.wav,happy,True,data/processed\happy\disco_disco.00009.wav
data/processed\happy_enhanced\disco_disco.00009_stretch_1.1.wav,happy,True,data/processed\happy\disco_disco.00009.wav
data/processed\happy_enhanced\disco_disco.00009_stretch_1.2.wav,happy,True,data/processed\happy\disco_disco.00009.wav
data/processed\happy_enhanced\disco_disco.00009_noise_0.005.wav,happy,True,data/processed\happy\disco_disco.00009.wav
data/processed\happy_enhanced\disco_disco.00009_noise_0.010.wav,happy,True,data/processed\happy\disco_disco.00009.wav
data/processed\happy_enhanced\disco_disco.00010_pitch_-2.wav,happy,True,data/processed\happy\disco_disco.00010.wav
data/processed\happy_enhanced\disco_disco.00010_pitch_-1.wav,happy,True,data/processed\happy\disco_disco.00010.wav
data/processed\happy_enhanced\disco_disco.00010_pitch_+1.wav,happy,True,data/processed\happy\disco_disco.00010.wav
data/processed\happy_enhanced\disco_disco.00010_pitch_+2.wav,happy,True,data/processed\happy\disco_disco.00010.wav
data/processed\happy_enhanced\disco_disco.00010_stretch_0.8.wav,happy,True,data/processed\happy\disco_disco.00010.wav
data/processed\happy_enhanced\disco_disco.00010_stretch_0.9.wav,happy,True,data/processed\happy\disco_disco.00010.wav
data/processed\happy_enhanced\disco_disco.00010_stretch_1.1.wav,happy,True,data/processed\happy\disco_disco.00010.wav
data/processed\happy_enhanced\disco_disco.00010_stretch_1.2.wav,happy,True,data/processed\happy\disco_disco.00010.wav
data/processed\happy_enhanced\disco_disco.00010_noise_0.005.wav,happy,True,data/processed\happy\disco_disco.00010.wav
data/processed\happy_enhanced\disco_disco.00010_noise_0.010.wav,happy,True,data/processed\happy\disco_disco.00010.wav
data/processed\happy_enhanced\disco_disco.00011_pitch_-2.wav,happy,True,data/processed\happy\disco_disco.00011.wav
data/processed\happy_enhanced\disco_disco.00011_pitch_-1.wav,happy,True,data/processed\happy\disco_disco.00011.wav
data/processed\happy_enhanced\disco_disco.00011_pitch_+1.wav,happy,True,data/processed\happy\disco_disco.00011.wav
data/processed\happy_enhanced\disco_disco.00011_pitch_+2.wav,happy,True,data/processed\happy\disco_disco.00011.wav
data/processed\happy_enhanced\disco_disco.00011_stretch_0.8.wav,happy,True,data/processed\happy\disco_disco.00011.wav
data/processed\happy_enhanced\disco_disco.00011_stretch_0.9.wav,happy,True,data/processed\happy\disco_disco.00011.wav
data/processed\happy_enhanced\disco_disco.00011_stretch_1.1.wav,happy,True,data/processed\happy\disco_disco.00011.wav
data/processed\happy_enhanced\disco_disco.00011_stretch_1.2.wav,happy,True,data/processed\happy\disco_disco.00011.wav
data/processed\happy_enhanced\disco_disco.00011_noise_0.005.wav,happy,True,data/processed\happy\disco_disco.00011.wav
data/processed\happy_enhanced\disco_disco.00011_noise_0.010.wav,happy,True,data/processed\happy\disco_disco.00011.wav
data/processed\happy_enhanced\disco_disco.00012_pitch_-2.wav,happy,True,data/processed\happy\disco_disco.00012.wav
data/processed\happy_enhanced\disco_disco.00012_pitch_-1.wav,happy,True,data/processed\happy\disco_disco.00012.wav
data/processed\happy_enhanced\disco_disco.00012_pitch_+1.wav,happy,True,data/processed\happy\disco_disco.00012.wav
data/processed\happy_enhanced\disco_disco.00012_pitch_+2.wav,happy,True,data/processed\happy\disco_disco.00012.wav
data/processed\happy_enhanced\disco_disco.00012_stretch_0.8.wav,happy,True,data/processed\happy\disco_disco.00012.wav
data/processed\happy_enhanced\disco_disco.00012_stretch_0.9.wav,happy,True,data/processed\happy\disco_disco.00012.wav
data/processed\happy_enhanced\disco_disco.00012_stretch_1.1.wav,happy,True,data/processed\happy\disco_disco.00012.wav
data/processed\happy_enhanced\disco_disco.00012_stretch_1.2.wav,happy,True,data/processed\happy\disco_disco.00012.wav
data/processed\happy_enhanced\disco_disco.00012_noise_0.005.wav,happy,True,data/processed\happy\disco_disco.00012.wav
data/processed\happy_enhanced\disco_disco.00012_noise_0.010.wav,happy,True,data/processed\happy\disco_disco.00012.wav
data/processed\happy_enhanced\disco_disco.00013_pitch_-2.wav,happy,True,data/processed\happy\disco_disco.00013.wav
data/processed\happy_enhanced\disco_disco.00013_pitch_-1.wav,happy,True,data/processed\happy\disco_disco.00013.wav
data/processed\happy_enhanced\disco_disco.00013_pitch_+1.wav,happy,True,data/processed\happy\disco_disco.00013.wav
data/processed\happy_enhanced\disco_disco.00013_pitch_+2.wav,happy,True,data/processed\happy\disco_disco.00013.wav
data/processed\happy_enhanced\disco_disco.00013_stretch_0.8.wav,happy,True,data/processed\happy\disco_disco.00013.wav
data/processed\happy_enhanced\disco_disco.00013_stretch_0.9.wav,happy,True,data/processed\happy\disco_disco.00013.wav
data/processed\happy_enhanced\disco_disco.00013_stretch_1.1.wav,happy,True,data/processed\happy\disco_disco.00013.wav
data/processed\happy_enhanced\disco_disco.00013_stretch_1.2.wav,happy,True,data/processed\happy\disco_disco.00013.wav
data/processed\happy_enhanced\disco_disco.00013_noise_0.005.wav,happy,True,data/processed\happy\disco_disco.00013.wav
data/processed\happy_enhanced\disco_disco.00013_noise_0.010.wav,happy,True,data/processed\happy\disco_disco.00013.wav
data/processed\happy_enhanced\disco_disco.00014_pitch_-2.wav,happy,True,data/processed\happy\disco_disco.00014.wav
data/processed\happy_enhanced\disco_disco.00014_pitch_-1.wav,happy,True,data/processed\happy\disco_disco.00014.wav
data/processed\happy_enhanced\disco_disco.00014_pitch_+1.wav,happy,True,data/processed\happy\disco_disco.00014.wav
data/processed\happy_enhanced\disco_disco.00014_pitch_+2.wav,happy,True,data/processed\happy\disco_disco.00014.wav
data/processed\happy_enhanced\disco_disco.00014_stretch_0.8.wav,happy,True,data/processed\happy\disco_disco.00014.wav
data/processed\happy_enhanced\disco_disco.00014_stretch_0.9.wav,happy,True,data/processed\happy\disco_disco.00014.wav
data/processed\happy_enhanced\disco_disco.00014_stretch_1.1.wav,happy,True,data/processed\happy\disco_disco.00014.wav
data/processed\happy_enhanced\disco_disco.00014_stretch_1.2.wav,happy,True,data/processed\happy\disco_disco.00014.wav
data/processed\happy_enhanced\disco_disco.00014_noise_0.005.wav,happy,True,data/processed\happy\disco_disco.00014.wav
data/processed\happy_enhanced\disco_disco.00014_noise_0.010.wav,happy,True,data/processed\happy\disco_disco.00014.wav
data/processed\happy_enhanced\disco_disco.00015_pitch_-2.wav,happy,True,data/processed\happy\disco_disco.00015.wav
data/processed\happy_enhanced\disco_disco.00015_pitch_-1.wav,happy,True,data/processed\happy\disco_disco.00015.wav
data/processed\happy_enhanced\disco_disco.00015_pitch_+1.wav,happy,True,data/processed\happy\disco_disco.00015.wav
data/processed\happy_enhanced\disco_disco.00015_pitch_+2.wav,happy,True,data/processed\happy\disco_disco.00015.wav
data/processed\happy_enhanced\disco_disco.00015_stretch_0.8.wav,happy,True,data/processed\happy\disco_disco.00015.wav
data/processed\happy_enhanced\disco_disco.00015_stretch_0.9.wav,happy,True,data/processed\happy\disco_disco.00015.wav
data/processed\happy_enhanced\disco_disco.00015_stretch_1.1.wav,happy,True,data/processed\happy\disco_disco.00015.wav
data/processed\happy_enhanced\disco_disco.00015_stretch_1.2.wav,happy,True,data/processed\happy\disco_disco.00015.wav
data/processed\happy_enhanced\disco_disco.00015_noise_0.005.wav,happy,True,data/processed\happy\disco_disco.00015.wav
data/processed\happy_enhanced\disco_disco.00015_noise_0.010.wav,happy,True,data/processed\happy\disco_disco.00015.wav
data/processed\happy_enhanced\disco_disco.00016_pitch_-2.wav,happy,True,data/processed\happy\disco_disco.00016.wav
data/processed\happy_enhanced\disco_disco.00016_pitch_-1.wav,happy,True,data/processed\happy\disco_disco.00016.wav
data/processed\happy_enhanced\disco_disco.00016_pitch_+1.wav,happy,True,data/processed\happy\disco_disco.00016.wav
data/processed\happy_enhanced\disco_disco.00016_pitch_+2.wav,happy,True,data/processed\happy\disco_disco.00016.wav
data/processed\happy_enhanced\disco_disco.00016_stretch_0.8.wav,happy,True,data/processed\happy\disco_disco.00016.wav
data/processed\happy_enhanced\disco_disco.00016_stretch_0.9.wav,happy,True,data/processed\happy\disco_disco.00016.wav
data/processed\happy_enhanced\disco_disco.00016_stretch_1.1.wav,happy,True,data/processed\happy\disco_disco.00016.wav
data/processed\happy_enhanced\disco_disco.00016_stretch_1.2.wav,happy,True,data/processed\happy\disco_disco.00016.wav
data/processed\happy_enhanced\disco_disco.00016_noise_0.005.wav,happy,True,data/processed\happy\disco_disco.00016.wav
data/processed\happy_enhanced\disco_disco.00016_noise_0.010.wav,happy,True,data/processed\happy\disco_disco.00016.wav
data/processed\happy_enhanced\disco_disco.00017_pitch_-2.wav,happy,True,data/processed\happy\disco_disco.00017.wav
data/processed\happy_enhanced\disco_disco.00017_pitch_-1.wav,happy,True,data/processed\happy\disco_disco.00017.wav
data/processed\happy_enhanced\disco_disco.00017_pitch_+1.wav,happy,True,data/processed\happy\disco_disco.00017.wav
data/processed\happy_enhanced\disco_disco.00017_pitch_+2.wav,happy,True,data/processed\happy\disco_disco.00017.wav
data/processed\happy_enhanced\disco_disco.00017_stretch_0.8.wav,happy,True,data/processed\happy\disco_disco.00017.wav
data/processed\happy_enhanced\disco_disco.00017_stretch_0.9.wav,happy,True,data/processed\happy\disco_disco.00017.wav
data/processed\happy_enhanced\disco_disco.00017_stretch_1.1.wav,happy,True,data/processed\happy\disco_disco.00017.wav
data/processed\happy_enhanced\disco_disco.00017_stretch_1.2.wav,happy,True,data/processed\happy\disco_disco.00017.wav
data/processed\happy_enhanced\disco_disco.00017_noise_0.005.wav,happy,True,data/processed\happy\disco_disco.00017.wav
data/processed\happy_enhanced\disco_disco.00017_noise_0.010.wav,happy,True,data/processed\happy\disco_disco.00017.wav
data/processed\happy_enhanced\disco_disco.00018_pitch_-2.wav,happy,True,data/processed\happy\disco_disco.00018.wav
data/processed\happy_enhanced\disco_disco.00018_pitch_-1.wav,happy,True,data/processed\happy\disco_disco.00018.wav
data/processed\happy_enhanced\disco_disco.00018_pitch_+1.wav,happy,True,data/processed\happy\disco_disco.00018.wav
data/processed\happy_enhanced\disco_disco.00018_pitch_+2.wav,happy,True,data/processed\happy\disco_disco.00018.wav
data/processed\happy_enhanced\disco_disco.00018_stretch_0.8.wav,happy,True,data/processed\happy\disco_disco.00018.wav
data/processed\happy_enhanced\disco_disco.00018_stretch_0.9.wav,happy,True,data/processed\happy\disco_disco.00018.wav
data/processed\happy_enhanced\disco_disco.00018_stretch_1.1.wav,happy,True,data/processed\happy\disco_disco.00018.wav
data/processed\happy_enhanced\disco_disco.00018_stretch_1.2.wav,happy,True,data/processed\happy\disco_disco.00018.wav
data/processed\happy_enhanced\disco_disco.00018_noise_0.005.wav,happy,True,data/processed\happy\disco_disco.00018.wav
data/processed\happy_enhanced\disco_disco.00018_noise_0.010.wav,happy,True,data/processed\happy\disco_disco.00018.wav
data/processed\happy_enhanced\disco_disco.00019_pitch_-2.wav,happy,True,data/processed\happy\disco_disco.00019.wav
data/processed\happy_enhanced\disco_disco.00019_pitch_-1.wav,happy,True,data/processed\happy\disco_disco.00019.wav
data/processed\happy_enhanced\disco_disco.00019_pitch_+1.wav,happy,True,data/processed\happy\disco_disco.00019.wav
data/processed\happy_enhanced\disco_disco.00019_pitch_+2.wav,happy,True,data/processed\happy\disco_disco.00019.wav
data/processed\happy_enhanced\disco_disco.00019_stretch_0.8.wav,happy,True,data/processed\happy\disco_disco.00019.wav
data/processed\happy_enhanced\disco_disco.00019_stretch_0.9.wav,happy,True,data/processed\happy\disco_disco.00019.wav
data/processed\happy_enhanced\disco_disco.00019_stretch_1.1.wav,happy,True,data/processed\happy\disco_disco.00019.wav
data/processed\happy_enhanced\disco_disco.00019_stretch_1.2.wav,happy,True,data/processed\happy\disco_disco.00019.wav
data/processed\happy_enhanced\disco_disco.00019_noise_0.005.wav,happy,True,data/processed\happy\disco_disco.00019.wav
data/processed\happy_enhanced\disco_disco.00019_noise_0.010.wav,happy,True,data/processed\happy\disco_disco.00019.wav
data/processed\happy_enhanced\disco_disco.00020_pitch_-2.wav,happy,True,data/processed\happy\disco_disco.00020.wav
data/processed\happy_enhanced\disco_disco.00020_pitch_-1.wav,happy,True,data/processed\happy\disco_disco.00020.wav
data/processed\happy_enhanced\disco_disco.00020_pitch_+1.wav,happy,True,data/processed\happy\disco_disco.00020.wav
data/processed\happy_enhanced\disco_disco.00020_pitch_+2.wav,happy,True,data/processed\happy\disco_disco.00020.wav
data/processed\happy_enhanced\disco_disco.00020_stretch_0.8.wav,happy,True,data/processed\happy\disco_disco.00020.wav
data/processed\happy_enhanced\disco_disco.00020_stretch_0.9.wav,happy,True,data/processed\happy\disco_disco.00020.wav
data/processed\happy_enhanced\disco_disco.00020_stretch_1.1.wav,happy,True,data/processed\happy\disco_disco.00020.wav
data/processed\happy_enhanced\disco_disco.00020_stretch_1.2.wav,happy,True,data/processed\happy\disco_disco.00020.wav
data/processed\happy_enhanced\disco_disco.00020_noise_0.005.wav,happy,True,data/processed\happy\disco_disco.00020.wav
data/processed\happy_enhanced\disco_disco.00020_noise_0.010.wav,happy,True,data/processed\happy\disco_disco.00020.wav
data/processed\happy_enhanced\disco_disco.00021_pitch_-2.wav,happy,True,data/processed\happy\disco_disco.00021.wav
data/processed\happy_enhanced\disco_disco.00021_pitch_-1.wav,happy,True,data/processed\happy\disco_disco.00021.wav
data/processed\happy_enhanced\disco_disco.00021_pitch_+1.wav,happy,True,data/processed\happy\disco_disco.00021.wav
data/processed\happy_enhanced\disco_disco.00021_pitch_+2.wav,happy,True,data/processed\happy\disco_disco.00021.wav
data/processed\happy_enhanced\disco_disco.00021_stretch_0.8.wav,happy,True,data/processed\happy\disco_disco.00021.wav
data/processed\happy_enhanced\disco_disco.00021_stretch_0.9.wav,happy,True,data/processed\happy\disco_disco.00021.wav
data/processed\happy_enhanced\disco_disco.00021_stretch_1.1.wav,happy,True,data/processed\happy\disco_disco.00021.wav
data/processed\happy_enhanced\disco_disco.00021_stretch_1.2.wav,happy,True,data/processed\happy\disco_disco.00021.wav
data/processed\happy_enhanced\disco_disco.00021_noise_0.005.wav,happy,True,data/processed\happy\disco_disco.00021.wav
data/processed\happy_enhanced\disco_disco.00021_noise_0.010.wav,happy,True,data/processed\happy\disco_disco.00021.wav
data/processed\happy_enhanced\disco_disco.00022_pitch_-2.wav,happy,True,data/processed\happy\disco_disco.00022.wav
data/processed\happy_enhanced\disco_disco.00022_pitch_-1.wav,happy,True,data/processed\happy\disco_disco.00022.wav
data/processed\happy_enhanced\disco_disco.00022_pitch_+1.wav,happy,True,data/processed\happy\disco_disco.00022.wav
data/processed\happy_enhanced\disco_disco.00022_pitch_+2.wav,happy,True,data/processed\happy\disco_disco.00022.wav
data/processed\happy_enhanced\disco_disco.00022_stretch_0.8.wav,happy,True,data/processed\happy\disco_disco.00022.wav
data/processed\happy_enhanced\disco_disco.00022_stretch_0.9.wav,happy,True,data/processed\happy\disco_disco.00022.wav
data/processed\happy_enhanced\disco_disco.00022_stretch_1.1.wav,happy,True,data/processed\happy\disco_disco.00022.wav
data/processed\happy_enhanced\disco_disco.00022_stretch_1.2.wav,happy,True,data/processed\happy\disco_disco.00022.wav
data/processed\happy_enhanced\disco_disco.00022_noise_0.005.wav,happy,True,data/processed\happy\disco_disco.00022.wav
data/processed\happy_enhanced\disco_disco.00022_noise_0.010.wav,happy,True,data/processed\happy\disco_disco.00022.wav
data/processed\happy_enhanced\disco_disco.00023_pitch_-2.wav,happy,True,data/processed\happy\disco_disco.00023.wav
data/processed\happy_enhanced\disco_disco.00023_pitch_-1.wav,happy,True,data/processed\happy\disco_disco.00023.wav
data/processed\happy_enhanced\disco_disco.00023_pitch_+1.wav,happy,True,data/processed\happy\disco_disco.00023.wav
data/processed\happy_enhanced\disco_disco.00023_pitch_+2.wav,happy,True,data/processed\happy\disco_disco.00023.wav
data/processed\happy_enhanced\disco_disco.00023_stretch_0.8.wav,happy,True,data/processed\happy\disco_disco.00023.wav
data/processed\happy_enhanced\disco_disco.00023_stretch_0.9.wav,happy,True,data/processed\happy\disco_disco.00023.wav
data/processed\happy_enhanced\disco_disco.00023_stretch_1.1.wav,happy,True,data/processed\happy\disco_disco.00023.wav
data/processed\happy_enhanced\disco_disco.00023_stretch_1.2.wav,happy,True,data/processed\happy\disco_disco.00023.wav
data/processed\happy_enhanced\disco_disco.00023_noise_0.005.wav,happy,True,data/processed\happy\disco_disco.00023.wav
data/processed\happy_enhanced\disco_disco.00023_noise_0.010.wav,happy,True,data/processed\happy\disco_disco.00023.wav
data/processed\happy_enhanced\disco_disco.00024_pitch_-2.wav,happy,True,data/processed\happy\disco_disco.00024.wav
data/processed\happy_enhanced\disco_disco.00024_pitch_-1.wav,happy,True,data/processed\happy\disco_disco.00024.wav
data/processed\happy_enhanced\disco_disco.00024_pitch_+1.wav,happy,True,data/processed\happy\disco_disco.00024.wav
data/processed\happy_enhanced\disco_disco.00024_pitch_+2.wav,happy,True,data/processed\happy\disco_disco.00024.wav
data/processed\happy_enhanced\disco_disco.00024_stretch_0.8.wav,happy,True,data/processed\happy\disco_disco.00024.wav
data/processed\happy_enhanced\disco_disco.00024_stretch_0.9.wav,happy,True,data/processed\happy\disco_disco.00024.wav
data/processed\happy_enhanced\disco_disco.00024_stretch_1.1.wav,happy,True,data/processed\happy\disco_disco.00024.wav
data/processed\happy_enhanced\disco_disco.00024_stretch_1.2.wav,happy,True,data/processed\happy\disco_disco.00024.wav
data/processed\happy_enhanced\disco_disco.00024_noise_0.005.wav,happy,True,data/processed\happy\disco_disco.00024.wav
data/processed\happy_enhanced\disco_disco.00024_noise_0.010.wav,happy,True,data/processed\happy\disco_disco.00024.wav
data/processed\happy_enhanced\disco_disco.00025_pitch_-2.wav,happy,True,data/processed\happy\disco_disco.00025.wav
data/processed\happy_enhanced\disco_disco.00025_pitch_-1.wav,happy,True,data/processed\happy\disco_disco.00025.wav
data/processed\happy_enhanced\disco_disco.00025_pitch_+1.wav,happy,True,data/processed\happy\disco_disco.00025.wav
data/processed\happy_enhanced\disco_disco.00025_pitch_+2.wav,happy,True,data/processed\happy\disco_disco.00025.wav
data/processed\happy_enhanced\disco_disco.00025_stretch_0.8.wav,happy,True,data/processed\happy\disco_disco.00025.wav
data/processed\happy_enhanced\disco_disco.00025_stretch_0.9.wav,happy,True,data/processed\happy\disco_disco.00025.wav
data/processed\happy_enhanced\disco_disco.00025_stretch_1.1.wav,happy,True,data/processed\happy\disco_disco.00025.wav
data/processed\happy_enhanced\disco_disco.00025_stretch_1.2.wav,happy,True,data/processed\happy\disco_disco.00025.wav
data/processed\happy_enhanced\disco_disco.00025_noise_0.005.wav,happy,True,data/processed\happy\disco_disco.00025.wav
data/processed\happy_enhanced\disco_disco.00025_noise_0.010.wav,happy,True,data/processed\happy\disco_disco.00025.wav
data/processed\happy_enhanced\disco_disco.00026_pitch_-2.wav,happy,True,data/processed\happy\disco_disco.00026.wav
data/processed\happy_enhanced\disco_disco.00026_pitch_-1.wav,happy,True,data/processed\happy\disco_disco.00026.wav
data/processed\happy_enhanced\disco_disco.00026_pitch_+1.wav,happy,True,data/processed\happy\disco_disco.00026.wav
data/processed\happy_enhanced\disco_disco.00026_pitch_+2.wav,happy,True,data/processed\happy\disco_disco.00026.wav
data/processed\happy_enhanced\disco_disco.00026_stretch_0.8.wav,happy,True,data/processed\happy\disco_disco.00026.wav
data/processed\happy_enhanced\disco_disco.00026_stretch_0.9.wav,happy,True,data/processed\happy\disco_disco.00026.wav
data/processed\happy_enhanced\disco_disco.00026_stretch_1.1.wav,happy,True,data/processed\happy\disco_disco.00026.wav
data/processed\happy_enhanced\disco_disco.00026_stretch_1.2.wav,happy,True,data/processed\happy\disco_disco.00026.wav
data/processed\happy_enhanced\disco_disco.00026_noise_0.005.wav,happy,True,data/processed\happy\disco_disco.00026.wav
data/processed\happy_enhanced\disco_disco.00026_noise_0.010.wav,happy,True,data/processed\happy\disco_disco.00026.wav
data/processed\happy_enhanced\disco_disco.00027_pitch_-2.wav,happy,True,data/processed\happy\disco_disco.00027.wav
data/processed\happy_enhanced\disco_disco.00027_pitch_-1.wav,happy,True,data/processed\happy\disco_disco.00027.wav
data/processed\happy_enhanced\disco_disco.00027_pitch_+1.wav,happy,True,data/processed\happy\disco_disco.00027.wav
data/processed\happy_enhanced\disco_disco.00027_pitch_+2.wav,happy,True,data/processed\happy\disco_disco.00027.wav
data/processed\happy_enhanced\disco_disco.00027_stretch_0.8.wav,happy,True,data/processed\happy\disco_disco.00027.wav
data/processed\happy_enhanced\disco_disco.00027_stretch_0.9.wav,happy,True,data/processed\happy\disco_disco.00027.wav
data/processed\happy_enhanced\disco_disco.00027_stretch_1.1.wav,happy,True,data/processed\happy\disco_disco.00027.wav
data/processed\happy_enhanced\disco_disco.00027_stretch_1.2.wav,happy,True,data/processed\happy\disco_disco.00027.wav
data/processed\happy_enhanced\disco_disco.00027_noise_0.005.wav,happy,True,data/processed\happy\disco_disco.00027.wav
data/processed\happy_enhanced\disco_disco.00027_noise_0.010.wav,happy,True,data/processed\happy\disco_disco.00027.wav
data/processed\happy_enhanced\disco_disco.00028_pitch_-2.wav,happy,True,data/processed\happy\disco_disco.00028.wav
data/processed\happy_enhanced\disco_disco.00028_pitch_-1.wav,happy,True,data/processed\happy\disco_disco.00028.wav
data/processed\happy_enhanced\disco_disco.00028_pitch_+1.wav,happy,True,data/processed\happy\disco_disco.00028.wav
data/processed\happy_enhanced\disco_disco.00028_pitch_+2.wav,happy,True,data/processed\happy\disco_disco.00028.wav
data/processed\happy_enhanced\disco_disco.00028_stretch_0.8.wav,happy,True,data/processed\happy\disco_disco.00028.wav
data/processed\happy_enhanced\disco_disco.00028_stretch_0.9.wav,happy,True,data/processed\happy\disco_disco.00028.wav
data/processed\happy_enhanced\disco_disco.00028_stretch_1.1.wav,happy,True,data/processed\happy\disco_disco.00028.wav
data/processed\happy_enhanced\disco_disco.00028_stretch_1.2.wav,happy,True,data/processed\happy\disco_disco.00028.wav
data/processed\happy_enhanced\disco_disco.00028_noise_0.005.wav,happy,True,data/processed\happy\disco_disco.00028.wav
data/processed\happy_enhanced\disco_disco.00028_noise_0.010.wav,happy,True,data/processed\happy\disco_disco.00028.wav
data/processed\happy_enhanced\disco_disco.00029_pitch_-2.wav,happy,True,data/processed\happy\disco_disco.00029.wav
data/processed\happy_enhanced\disco_disco.00029_pitch_-1.wav,happy,True,data/processed\happy\disco_disco.00029.wav
data/processed\happy_enhanced\disco_disco.00029_pitch_+1.wav,happy,True,data/processed\happy\disco_disco.00029.wav
data/processed\happy_enhanced\disco_disco.00029_pitch_+2.wav,happy,True,data/processed\happy\disco_disco.00029.wav
data/processed\happy_enhanced\disco_disco.00029_stretch_0.8.wav,happy,True,data/processed\happy\disco_disco.00029.wav
data/processed\happy_enhanced\disco_disco.00029_stretch_0.9.wav,happy,True,data/processed\happy\disco_disco.00029.wav
data/processed\happy_enhanced\disco_disco.00029_stretch_1.1.wav,happy,True,data/processed\happy\disco_disco.00029.wav
data/processed\happy_enhanced\disco_disco.00029_stretch_1.2.wav,happy,True,data/processed\happy\disco_disco.00029.wav
data/processed\happy_enhanced\disco_disco.00029_noise_0.005.wav,happy,True,data/processed\happy\disco_disco.00029.wav
data/processed\happy_enhanced\disco_disco.00029_noise_0.010.wav,happy,True,data/processed\happy\disco_disco.00029.wav
data/processed\happy_enhanced\disco_disco.00030_pitch_-2.wav,happy,True,data/processed\happy\disco_disco.00030.wav
data/processed\happy_enhanced\disco_disco.00030_pitch_-1.wav,happy,True,data/processed\happy\disco_disco.00030.wav
data/processed\happy_enhanced\disco_disco.00030_pitch_+1.wav,happy,True,data/processed\happy\disco_disco.00030.wav
data/processed\happy_enhanced\disco_disco.00030_pitch_+2.wav,happy,True,data/processed\happy\disco_disco.00030.wav
data/processed\happy_enhanced\disco_disco.00030_stretch_0.8.wav,happy,True,data/processed\happy\disco_disco.00030.wav
data/processed\happy_enhanced\disco_disco.00030_stretch_0.9.wav,happy,True,data/processed\happy\disco_disco.00030.wav
data/processed\happy_enhanced\disco_disco.00030_stretch_1.1.wav,happy,True,data/processed\happy\disco_disco.00030.wav
data/processed\happy_enhanced\disco_disco.00030_stretch_1.2.wav,happy,True,data/processed\happy\disco_disco.00030.wav
data/processed\happy_enhanced\disco_disco.00030_noise_0.005.wav,happy,True,data/processed\happy\disco_disco.00030.wav
data/processed\happy_enhanced\disco_disco.00030_noise_0.010.wav,happy,True,data/processed\happy\disco_disco.00030.wav
data/processed\happy_enhanced\disco_disco.00031_pitch_-2.wav,happy,True,data/processed\happy\disco_disco.00031.wav
data/processed\happy_enhanced\disco_disco.00031_pitch_-1.wav,happy,True,data/processed\happy\disco_disco.00031.wav
data/processed\happy_enhanced\disco_disco.00031_pitch_+1.wav,happy,True,data/processed\happy\disco_disco.00031.wav
data/processed\happy_enhanced\disco_disco.00031_pitch_+2.wav,happy,True,data/processed\happy\disco_disco.00031.wav
data/processed\happy_enhanced\disco_disco.00031_stretch_0.8.wav,happy,True,data/processed\happy\disco_disco.00031.wav
data/processed\happy_enhanced\disco_disco.00031_stretch_0.9.wav,happy,True,data/processed\happy\disco_disco.00031.wav
data/processed\happy_enhanced\disco_disco.00031_stretch_1.1.wav,happy,True,data/processed\happy\disco_disco.00031.wav
data/processed\happy_enhanced\disco_disco.00031_stretch_1.2.wav,happy,True,data/processed\happy\disco_disco.00031.wav
data/processed\happy_enhanced\disco_disco.00031_noise_0.005.wav,happy,True,data/processed\happy\disco_disco.00031.wav
data/processed\happy_enhanced\disco_disco.00031_noise_0.010.wav,happy,True,data/processed\happy\disco_disco.00031.wav
data/processed\happy_enhanced\disco_disco.00032_pitch_-2.wav,happy,True,data/processed\happy\disco_disco.00032.wav
data/processed\happy_enhanced\disco_disco.00032_pitch_-1.wav,happy,True,data/processed\happy\disco_disco.00032.wav
data/processed\happy_enhanced\disco_disco.00032_pitch_+1.wav,happy,True,data/processed\happy\disco_disco.00032.wav
data/processed\happy_enhanced\disco_disco.00032_pitch_+2.wav,happy,True,data/processed\happy\disco_disco.00032.wav
data/processed\happy_enhanced\disco_disco.00032_stretch_0.8.wav,happy,True,data/processed\happy\disco_disco.00032.wav
data/processed\happy_enhanced\disco_disco.00032_stretch_0.9.wav,happy,True,data/processed\happy\disco_disco.00032.wav
data/processed\happy_enhanced\disco_disco.00032_stretch_1.1.wav,happy,True,data/processed\happy\disco_disco.00032.wav
data/processed\happy_enhanced\disco_disco.00032_stretch_1.2.wav,happy,True,data/processed\happy\disco_disco.00032.wav
data/processed\happy_enhanced\disco_disco.00032_noise_0.005.wav,happy,True,data/processed\happy\disco_disco.00032.wav
data/processed\happy_enhanced\disco_disco.00032_noise_0.010.wav,happy,True,data/processed\happy\disco_disco.00032.wav
data/processed\happy_enhanced\disco_disco.00033_pitch_-2.wav,happy,True,data/processed\happy\disco_disco.00033.wav
data/processed\happy_enhanced\disco_disco.00033_pitch_-1.wav,happy,True,data/processed\happy\disco_disco.00033.wav
data/processed\happy_enhanced\disco_disco.00033_pitch_+1.wav,happy,True,data/processed\happy\disco_disco.00033.wav
data/processed\happy_enhanced\disco_disco.00033_pitch_+2.wav,happy,True,data/processed\happy\disco_disco.00033.wav
data/processed\happy_enhanced\disco_disco.00033_stretch_0.8.wav,happy,True,data/processed\happy\disco_disco.00033.wav
data/processed\happy_enhanced\disco_disco.00033_stretch_0.9.wav,happy,True,data/processed\happy\disco_disco.00033.wav
data/processed\happy_enhanced\disco_disco.00033_stretch_1.1.wav,happy,True,data/processed\happy\disco_disco.00033.wav
data/processed\happy_enhanced\disco_disco.00033_stretch_1.2.wav,happy,True,data/processed\happy\disco_disco.00033.wav
data/processed\happy_enhanced\disco_disco.00033_noise_0.005.wav,happy,True,data/processed\happy\disco_disco.00033.wav
data/processed\happy_enhanced\disco_disco.00033_noise_0.010.wav,happy,True,data/processed\happy\disco_disco.00033.wav
data/processed\happy_enhanced\disco_disco.00034_pitch_-2.wav,happy,True,data/processed\happy\disco_disco.00034.wav
data/processed\happy_enhanced\disco_disco.00034_pitch_-1.wav,happy,True,data/processed\happy\disco_disco.00034.wav
data/processed\happy_enhanced\disco_disco.00034_pitch_+1.wav,happy,True,data/processed\happy\disco_disco.00034.wav
data/processed\happy_enhanced\disco_disco.00034_pitch_+2.wav,happy,True,data/processed\happy\disco_disco.00034.wav
data/processed\happy_enhanced\disco_disco.00034_stretch_0.8.wav,happy,True,data/processed\happy\disco_disco.00034.wav
data/processed\happy_enhanced\disco_disco.00034_stretch_0.9.wav,happy,True,data/processed\happy\disco_disco.00034.wav
data/processed\happy_enhanced\disco_disco.00034_stretch_1.1.wav,happy,True,data/processed\happy\disco_disco.00034.wav
data/processed\happy_enhanced\disco_disco.00034_stretch_1.2.wav,happy,True,data/processed\happy\disco_disco.00034.wav
data/processed\happy_enhanced\disco_disco.00034_noise_0.005.wav,happy,True,data/processed\happy\disco_disco.00034.wav
data/processed\happy_enhanced\disco_disco.00034_noise_0.010.wav,happy,True,data/processed\happy\disco_disco.00034.wav
data/processed\happy_enhanced\disco_disco.00035_pitch_-2.wav,happy,True,data/processed\happy\disco_disco.00035.wav
data/processed\happy_enhanced\disco_disco.00035_pitch_-1.wav,happy,True,data/processed\happy\disco_disco.00035.wav
data/processed\happy_enhanced\disco_disco.00035_pitch_+1.wav,happy,True,data/processed\happy\disco_disco.00035.wav
data/processed\happy_enhanced\disco_disco.00035_pitch_+2.wav,happy,True,data/processed\happy\disco_disco.00035.wav
data/processed\happy_enhanced\disco_disco.00035_stretch_0.8.wav,happy,True,data/processed\happy\disco_disco.00035.wav
data/processed\happy_enhanced\disco_disco.00035_stretch_0.9.wav,happy,True,data/processed\happy\disco_disco.00035.wav
data/processed\happy_enhanced\disco_disco.00035_stretch_1.1.wav,happy,True,data/processed\happy\disco_disco.00035.wav
data/processed\happy_enhanced\disco_disco.00035_stretch_1.2.wav,happy,True,data/processed\happy\disco_disco.00035.wav
data/processed\happy_enhanced\disco_disco.00035_noise_0.005.wav,happy,True,data/processed\happy\disco_disco.00035.wav
data/processed\happy_enhanced\disco_disco.00035_noise_0.010.wav,happy,True,data/processed\happy\disco_disco.00035.wav
data/processed\happy_enhanced\disco_disco.00036_pitch_-2.wav,happy,True,data/processed\happy\disco_disco.00036.wav
data/processed\happy_enhanced\disco_disco.00036_pitch_-1.wav,happy,True,data/processed\happy\disco_disco.00036.wav
data/processed\happy_enhanced\disco_disco.00036_pitch_+1.wav,happy,True,data/processed\happy\disco_disco.00036.wav
data/processed\happy_enhanced\disco_disco.00036_pitch_+2.wav,happy,True,data/processed\happy\disco_disco.00036.wav
data/processed\happy_enhanced\disco_disco.00036_stretch_0.8.wav,happy,True,data/processed\happy\disco_disco.00036.wav
data/processed\happy_enhanced\disco_disco.00036_stretch_0.9.wav,happy,True,data/processed\happy\disco_disco.00036.wav
data/processed\happy_enhanced\disco_disco.00036_stretch_1.1.wav,happy,True,data/processed\happy\disco_disco.00036.wav
data/processed\happy_enhanced\disco_disco.00036_stretch_1.2.wav,happy,True,data/processed\happy\disco_disco.00036.wav
data/processed\happy_enhanced\disco_disco.00036_noise_0.005.wav,happy,True,data/processed\happy\disco_disco.00036.wav
data/processed\happy_enhanced\disco_disco.00036_noise_0.010.wav,happy,True,data/processed\happy\disco_disco.00036.wav
data/processed\happy_enhanced\disco_disco.00037_pitch_-2.wav,happy,True,data/processed\happy\disco_disco.00037.wav
data/processed\happy_enhanced\disco_disco.00037_pitch_-1.wav,happy,True,data/processed\happy\disco_disco.00037.wav
data/processed\happy_enhanced\disco_disco.00037_pitch_+1.wav,happy,True,data/processed\happy\disco_disco.00037.wav
data/processed\happy_enhanced\disco_disco.00037_pitch_+2.wav,happy,True,data/processed\happy\disco_disco.00037.wav
data/processed\happy_enhanced\disco_disco.00037_stretch_0.8.wav,happy,True,data/processed\happy\disco_disco.00037.wav
data/processed\happy_enhanced\disco_disco.00037_stretch_0.9.wav,happy,True,data/processed\happy\disco_disco.00037.wav
data/processed\happy_enhanced\disco_disco.00037_stretch_1.1.wav,happy,True,data/processed\happy\disco_disco.00037.wav
data/processed\happy_enhanced\disco_disco.00037_stretch_1.2.wav,happy,True,data/processed\happy\disco_disco.00037.wav
data/processed\happy_enhanced\disco_disco.00037_noise_0.005.wav,happy,True,data/processed\happy\disco_disco.00037.wav
data/processed\happy_enhanced\disco_disco.00037_noise_0.010.wav,happy,True,data/processed\happy\disco_disco.00037.wav
data/processed\happy_enhanced\disco_disco.00038_pitch_-2.wav,happy,True,data/processed\happy\disco_disco.00038.wav
data/processed\happy_enhanced\disco_disco.00038_pitch_-1.wav,happy,True,data/processed\happy\disco_disco.00038.wav
data/processed\happy_enhanced\disco_disco.00038_pitch_+1.wav,happy,True,data/processed\happy\disco_disco.00038.wav
data/processed\happy_enhanced\disco_disco.00038_pitch_+2.wav,happy,True,data/processed\happy\disco_disco.00038.wav
data/processed\happy_enhanced\disco_disco.00038_stretch_0.8.wav,happy,True,data/processed\happy\disco_disco.00038.wav
data/processed\happy_enhanced\disco_disco.00038_stretch_0.9.wav,happy,True,data/processed\happy\disco_disco.00038.wav
data/processed\happy_enhanced\disco_disco.00038_stretch_1.1.wav,happy,True,data/processed\happy\disco_disco.00038.wav
data/processed\happy_enhanced\disco_disco.00038_stretch_1.2.wav,happy,True,data/processed\happy\disco_disco.00038.wav
data/processed\happy_enhanced\disco_disco.00038_noise_0.005.wav,happy,True,data/processed\happy\disco_disco.00038.wav
data/processed\happy_enhanced\disco_disco.00038_noise_0.010.wav,happy,True,data/processed\happy\disco_disco.00038.wav
data/processed\happy_enhanced\disco_disco.00039_pitch_-2.wav,happy,True,data/processed\happy\disco_disco.00039.wav
data/processed\happy_enhanced\disco_disco.00039_pitch_-1.wav,happy,True,data/processed\happy\disco_disco.00039.wav
data/processed\happy_enhanced\disco_disco.00039_pitch_+1.wav,happy,True,data/processed\happy\disco_disco.00039.wav
data/processed\happy_enhanced\disco_disco.00039_pitch_+2.wav,happy,True,data/processed\happy\disco_disco.00039.wav
data/processed\happy_enhanced\disco_disco.00039_stretch_0.8.wav,happy,True,data/processed\happy\disco_disco.00039.wav
data/processed\happy_enhanced\disco_disco.00039_stretch_0.9.wav,happy,True,data/processed\happy\disco_disco.00039.wav
data/processed\happy_enhanced\disco_disco.00039_stretch_1.1.wav,happy,True,data/processed\happy\disco_disco.00039.wav
data/processed\happy_enhanced\disco_disco.00039_stretch_1.2.wav,happy,True,data/processed\happy\disco_disco.00039.wav
data/processed\happy_enhanced\disco_disco.00039_noise_0.005.wav,happy,True,data/processed\happy\disco_disco.00039.wav
data/processed\happy_enhanced\disco_disco.00039_noise_0.010.wav,happy,True,data/processed\happy\disco_disco.00039.wav
data/processed\happy_enhanced\disco_disco.00040_pitch_-2.wav,happy,True,data/processed\happy\disco_disco.00040.wav
data/processed\happy_enhanced\disco_disco.00040_pitch_-1.wav,happy,True,data/processed\happy\disco_disco.00040.wav
data/processed\happy_enhanced\disco_disco.00040_pitch_+1.wav,happy,True,data/processed\happy\disco_disco.00040.wav
data/processed\happy_enhanced\disco_disco.00040_pitch_+2.wav,happy,True,data/processed\happy\disco_disco.00040.wav
data/processed\happy_enhanced\disco_disco.00040_stretch_0.8.wav,happy,True,data/processed\happy\disco_disco.00040.wav
data/processed\happy_enhanced\disco_disco.00040_stretch_0.9.wav,happy,True,data/processed\happy\disco_disco.00040.wav
data/processed\happy_enhanced\disco_disco.00040_stretch_1.1.wav,happy,True,data/processed\happy\disco_disco.00040.wav
data/processed\happy_enhanced\disco_disco.00040_stretch_1.2.wav,happy,True,data/processed\happy\disco_disco.00040.wav
data/processed\happy_enhanced\disco_disco.00040_noise_0.005.wav,happy,True,data/processed\happy\disco_disco.00040.wav
data/processed\happy_enhanced\disco_disco.00040_noise_0.010.wav,happy,True,data/processed\happy\disco_disco.00040.wav
data/processed\happy_enhanced\disco_disco.00041_pitch_-2.wav,happy,True,data/processed\happy\disco_disco.00041.wav
data/processed\happy_enhanced\disco_disco.00041_pitch_-1.wav,happy,True,data/processed\happy\disco_disco.00041.wav
data/processed\happy_enhanced\disco_disco.00041_pitch_+1.wav,happy,True,data/processed\happy\disco_disco.00041.wav
data/processed\happy_enhanced\disco_disco.00041_pitch_+2.wav,happy,True,data/processed\happy\disco_disco.00041.wav
data/processed\happy_enhanced\disco_disco.00041_stretch_0.8.wav,happy,True,data/processed\happy\disco_disco.00041.wav
data/processed\happy_enhanced\disco_disco.00041_stretch_0.9.wav,happy,True,data/processed\happy\disco_disco.00041.wav
data/processed\happy_enhanced\disco_disco.00041_stretch_1.1.wav,happy,True,data/processed\happy\disco_disco.00041.wav
data/processed\happy_enhanced\disco_disco.00041_stretch_1.2.wav,happy,True,data/processed\happy\disco_disco.00041.wav
data/processed\happy_enhanced\disco_disco.00041_noise_0.005.wav,happy,True,data/processed\happy\disco_disco.00041.wav
data/processed\happy_enhanced\disco_disco.00041_noise_0.010.wav,happy,True,data/processed\happy\disco_disco.00041.wav
data/processed\happy_enhanced\disco_disco.00042_pitch_-2.wav,happy,True,data/processed\happy\disco_disco.00042.wav
data/processed\happy_enhanced\disco_disco.00042_pitch_-1.wav,happy,True,data/processed\happy\disco_disco.00042.wav
data/processed\happy_enhanced\disco_disco.00042_pitch_+1.wav,happy,True,data/processed\happy\disco_disco.00042.wav
data/processed\happy_enhanced\disco_disco.00042_pitch_+2.wav,happy,True,data/processed\happy\disco_disco.00042.wav
data/processed\happy_enhanced\disco_disco.00042_stretch_0.8.wav,happy,True,data/processed\happy\disco_disco.00042.wav
data/processed\happy_enhanced\disco_disco.00042_stretch_0.9.wav,happy,True,data/processed\happy\disco_disco.00042.wav
data/processed\happy_enhanced\disco_disco.00042_stretch_1.1.wav,happy,True,data/processed\happy\disco_disco.00042.wav
data/processed\happy_enhanced\disco_disco.00042_stretch_1.2.wav,happy,True,data/processed\happy\disco_disco.00042.wav
data/processed\happy_enhanced\disco_disco.00042_noise_0.005.wav,happy,True,data/processed\happy\disco_disco.00042.wav
data/processed\happy_enhanced\disco_disco.00042_noise_0.010.wav,happy,True,data/processed\happy\disco_disco.00042.wav
data/processed\happy_enhanced\disco_disco.00043_pitch_-2.wav,happy,True,data/processed\happy\disco_disco.00043.wav
data/processed\happy_enhanced\disco_disco.00043_pitch_-1.wav,happy,True,data/processed\happy\disco_disco.00043.wav
data/processed\happy_enhanced\disco_disco.00043_pitch_+1.wav,happy,True,data/processed\happy\disco_disco.00043.wav
data/processed\happy_enhanced\disco_disco.00043_pitch_+2.wav,happy,True,data/processed\happy\disco_disco.00043.wav
data/processed\happy_enhanced\disco_disco.00043_stretch_0.8.wav,happy,True,data/processed\happy\disco_disco.00043.wav
data/processed\happy_enhanced\disco_disco.00043_stretch_0.9.wav,happy,True,data/processed\happy\disco_disco.00043.wav
data/processed\happy_enhanced\disco_disco.00043_stretch_1.1.wav,happy,True,data/processed\happy\disco_disco.00043.wav
data/processed\happy_enhanced\disco_disco.00043_stretch_1.2.wav,happy,True,data/processed\happy\disco_disco.00043.wav
data/processed\happy_enhanced\disco_disco.00043_noise_0.005.wav,happy,True,data/processed\happy\disco_disco.00043.wav
data/processed\happy_enhanced\disco_disco.00043_noise_0.010.wav,happy,True,data/processed\happy\disco_disco.00043.wav
data/processed\happy_enhanced\disco_disco.00044_pitch_-2.wav,happy,True,data/processed\happy\disco_disco.00044.wav
data/processed\happy_enhanced\disco_disco.00044_pitch_-1.wav,happy,True,data/processed\happy\disco_disco.00044.wav
data/processed\happy_enhanced\disco_disco.00044_pitch_+1.wav,happy,True,data/processed\happy\disco_disco.00044.wav
data/processed\happy_enhanced\disco_disco.00044_pitch_+2.wav,happy,True,data/processed\happy\disco_disco.00044.wav
data/processed\happy_enhanced\disco_disco.00044_stretch_0.8.wav,happy,True,data/processed\happy\disco_disco.00044.wav
data/processed\happy_enhanced\disco_disco.00044_stretch_0.9.wav,happy,True,data/processed\happy\disco_disco.00044.wav
data/processed\happy_enhanced\disco_disco.00044_stretch_1.1.wav,happy,True,data/processed\happy\disco_disco.00044.wav
data/processed\happy_enhanced\disco_disco.00044_stretch_1.2.wav,happy,True,data/processed\happy\disco_disco.00044.wav
data/processed\happy_enhanced\disco_disco.00044_noise_0.005.wav,happy,True,data/processed\happy\disco_disco.00044.wav
data/processed\happy_enhanced\disco_disco.00044_noise_0.010.wav,happy,True,data/processed\happy\disco_disco.00044.wav
data/processed\happy_enhanced\disco_disco.00045_pitch_-2.wav,happy,True,data/processed\happy\disco_disco.00045.wav
data/processed\happy_enhanced\disco_disco.00045_pitch_-1.wav,happy,True,data/processed\happy\disco_disco.00045.wav
data/processed\happy_enhanced\disco_disco.00045_pitch_+1.wav,happy,True,data/processed\happy\disco_disco.00045.wav
data/processed\happy_enhanced\disco_disco.00045_pitch_+2.wav,happy,True,data/processed\happy\disco_disco.00045.wav
data/processed\happy_enhanced\disco_disco.00045_stretch_0.8.wav,happy,True,data/processed\happy\disco_disco.00045.wav
data/processed\happy_enhanced\disco_disco.00045_stretch_0.9.wav,happy,True,data/processed\happy\disco_disco.00045.wav
data/processed\happy_enhanced\disco_disco.00045_stretch_1.1.wav,happy,True,data/processed\happy\disco_disco.00045.wav
data/processed\happy_enhanced\disco_disco.00045_stretch_1.2.wav,happy,True,data/processed\happy\disco_disco.00045.wav
data/processed\happy_enhanced\disco_disco.00045_noise_0.005.wav,happy,True,data/processed\happy\disco_disco.00045.wav
data/processed\happy_enhanced\disco_disco.00045_noise_0.010.wav,happy,True,data/processed\happy\disco_disco.00045.wav
data/processed\happy_enhanced\disco_disco.00046_pitch_-2.wav,happy,True,data/processed\happy\disco_disco.00046.wav
data/processed\happy_enhanced\disco_disco.00046_pitch_-1.wav,happy,True,data/processed\happy\disco_disco.00046.wav
data/processed\happy_enhanced\disco_disco.00046_pitch_+1.wav,happy,True,data/processed\happy\disco_disco.00046.wav
data/processed\happy_enhanced\disco_disco.00046_pitch_+2.wav,happy,True,data/processed\happy\disco_disco.00046.wav
data/processed\happy_enhanced\disco_disco.00046_stretch_0.8.wav,happy,True,data/processed\happy\disco_disco.00046.wav
data/processed\happy_enhanced\disco_disco.00046_stretch_0.9.wav,happy,True,data/processed\happy\disco_disco.00046.wav
data/processed\happy_enhanced\disco_disco.00046_stretch_1.1.wav,happy,True,data/processed\happy\disco_disco.00046.wav
data/processed\happy_enhanced\disco_disco.00046_stretch_1.2.wav,happy,True,data/processed\happy\disco_disco.00046.wav
data/processed\happy_enhanced\disco_disco.00046_noise_0.005.wav,happy,True,data/processed\happy\disco_disco.00046.wav
data/processed\happy_enhanced\disco_disco.00046_noise_0.010.wav,happy,True,data/processed\happy\disco_disco.00046.wav
data/processed\happy_enhanced\disco_disco.00047_pitch_-2.wav,happy,True,data/processed\happy\disco_disco.00047.wav
data/processed\happy_enhanced\disco_disco.00047_pitch_-1.wav,happy,True,data/processed\happy\disco_disco.00047.wav
data/processed\happy_enhanced\disco_disco.00047_pitch_+1.wav,happy,True,data/processed\happy\disco_disco.00047.wav
data/processed\happy_enhanced\disco_disco.00047_pitch_+2.wav,happy,True,data/processed\happy\disco_disco.00047.wav
data/processed\happy_enhanced\disco_disco.00047_stretch_0.8.wav,happy,True,data/processed\happy\disco_disco.00047.wav
data/processed\happy_enhanced\disco_disco.00047_stretch_0.9.wav,happy,True,data/processed\happy\disco_disco.00047.wav
data/processed\happy_enhanced\disco_disco.00047_stretch_1.1.wav,happy,True,data/processed\happy\disco_disco.00047.wav
data/processed\happy_enhanced\disco_disco.00047_stretch_1.2.wav,happy,True,data/processed\happy\disco_disco.00047.wav
data/processed\happy_enhanced\disco_disco.00047_noise_0.005.wav,happy,True,data/processed\happy\disco_disco.00047.wav
data/processed\happy_enhanced\disco_disco.00047_noise_0.010.wav,happy,True,data/processed\happy\disco_disco.00047.wav
data/processed\happy_enhanced\disco_disco.00048_pitch_-2.wav,happy,True,data/processed\happy\disco_disco.00048.wav
data/processed\happy_enhanced\disco_disco.00048_pitch_-1.wav,happy,True,data/processed\happy\disco_disco.00048.wav
data/processed\happy_enhanced\disco_disco.00048_pitch_+1.wav,happy,True,data/processed\happy\disco_disco.00048.wav
data/processed\happy_enhanced\disco_disco.00048_pitch_+2.wav,happy,True,data/processed\happy\disco_disco.00048.wav
data/processed\happy_enhanced\disco_disco.00048_stretch_0.8.wav,happy,True,data/processed\happy\disco_disco.00048.wav
data/processed\happy_enhanced\disco_disco.00048_stretch_0.9.wav,happy,True,data/processed\happy\disco_disco.00048.wav
data/processed\happy_enhanced\disco_disco.00048_stretch_1.1.wav,happy,True,data/processed\happy\disco_disco.00048.wav
data/processed\happy_enhanced\disco_disco.00048_stretch_1.2.wav,happy,True,data/processed\happy\disco_disco.00048.wav
data/processed\happy_enhanced\disco_disco.00048_noise_0.005.wav,happy,True,data/processed\happy\disco_disco.00048.wav
data/processed\happy_enhanced\disco_disco.00048_noise_0.010.wav,happy,True,data/processed\happy\disco_disco.00048.wav
data/processed\happy_enhanced\disco_disco.00049_pitch_-2.wav,happy,True,data/processed\happy\disco_disco.00049.wav
data/processed\happy_enhanced\disco_disco.00049_pitch_-1.wav,happy,True,data/processed\happy\disco_disco.00049.wav
data/processed\happy_enhanced\disco_disco.00049_pitch_+1.wav,happy,True,data/processed\happy\disco_disco.00049.wav
data/processed\happy_enhanced\disco_disco.00049_pitch_+2.wav,happy,True,data/processed\happy\disco_disco.00049.wav
data/processed\happy_enhanced\disco_disco.00049_stretch_0.8.wav,happy,True,data/processed\happy\disco_disco.00049.wav
data/processed\happy_enhanced\disco_disco.00049_stretch_0.9.wav,happy,True,data/processed\happy\disco_disco.00049.wav
data/processed\happy_enhanced\disco_disco.00049_stretch_1.1.wav,happy,True,data/processed\happy\disco_disco.00049.wav
data/processed\happy_enhanced\disco_disco.00049_stretch_1.2.wav,happy,True,data/processed\happy\disco_disco.00049.wav
data/processed\happy_enhanced\disco_disco.00049_noise_0.005.wav,happy,True,data/processed\happy\disco_disco.00049.wav
data/processed\happy_enhanced\disco_disco.00049_noise_0.010.wav,happy,True,data/processed\happy\disco_disco.00049.wav
data/processed\melancholic_enhanced\blues_blues.00000_pitch_-2.wav,melancholic,True,data/processed\melancholic\blues_blues.00000.wav
data/processed\melancholic_enhanced\blues_blues.00000_pitch_-1.wav,melancholic,True,data/processed\melancholic\blues_blues.00000.wav
data/processed\melancholic_enhanced\blues_blues.00000_pitch_+1.wav,melancholic,True,data/processed\melancholic\blues_blues.00000.wav
data/processed\melancholic_enhanced\blues_blues.00000_pitch_+2.wav,melancholic,True,data/processed\melancholic\blues_blues.00000.wav
data/processed\melancholic_enhanced\blues_blues.00000_stretch_0.8.wav,melancholic,True,data/processed\melancholic\blues_blues.00000.wav
data/processed\melancholic_enhanced\blues_blues.00000_stretch_0.9.wav,melancholic,True,data/processed\melancholic\blues_blues.00000.wav
data/processed\melancholic_enhanced\blues_blues.00000_stretch_1.1.wav,melancholic,True,data/processed\melancholic\blues_blues.00000.wav
data/processed\melancholic_enhanced\blues_blues.00000_stretch_1.2.wav,melancholic,True,data/processed\melancholic\blues_blues.00000.wav
data/processed\melancholic_enhanced\blues_blues.00000_noise_0.005.wav,melancholic,True,data/processed\melancholic\blues_blues.00000.wav
data/processed\melancholic_enhanced\blues_blues.00000_noise_0.010.wav,melancholic,True,data/processed\melancholic\blues_blues.00000.wav
data/processed\melancholic_enhanced\blues_blues.00001_pitch_-2.wav,melancholic,True,data/processed\melancholic\blues_blues.00001.wav
data/processed\melancholic_enhanced\blues_blues.00001_pitch_-1.wav,melancholic,True,data/processed\melancholic\blues_blues.00001.wav
data/processed\melancholic_enhanced\blues_blues.00001_pitch_+1.wav,melancholic,True,data/processed\melancholic\blues_blues.00001.wav
data/processed\melancholic_enhanced\blues_blues.00001_pitch_+2.wav,melancholic,True,data/processed\melancholic\blues_blues.00001.wav
data/processed\melancholic_enhanced\blues_blues.00001_stretch_0.8.wav,melancholic,True,data/processed\melancholic\blues_blues.00001.wav
data/processed\melancholic_enhanced\blues_blues.00001_stretch_0.9.wav,melancholic,True,data/processed\melancholic\blues_blues.00001.wav
data/processed\melancholic_enhanced\blues_blues.00001_stretch_1.1.wav,melancholic,True,data/processed\melancholic\blues_blues.00001.wav
data/processed\melancholic_enhanced\blues_blues.00001_stretch_1.2.wav,melancholic,True,data/processed\melancholic\blues_blues.00001.wav
data/processed\melancholic_enhanced\blues_blues.00001_noise_0.005.wav,melancholic,True,data/processed\melancholic\blues_blues.00001.wav
data/processed\melancholic_enhanced\blues_blues.00001_noise_0.010.wav,melancholic,True,data/processed\melancholic\blues_blues.00001.wav
data/processed\melancholic_enhanced\blues_blues.00002_pitch_-2.wav,melancholic,True,data/processed\melancholic\blues_blues.00002.wav
data/processed\melancholic_enhanced\blues_blues.00002_pitch_-1.wav,melancholic,True,data/processed\melancholic\blues_blues.00002.wav
data/processed\melancholic_enhanced\blues_blues.00002_pitch_+1.wav,melancholic,True,data/processed\melancholic\blues_blues.00002.wav
data/processed\melancholic_enhanced\blues_blues.00002_pitch_+2.wav,melancholic,True,data/processed\melancholic\blues_blues.00002.wav
data/processed\melancholic_enhanced\blues_blues.00002_stretch_0.8.wav,melancholic,True,data/processed\melancholic\blues_blues.00002.wav
data/processed\melancholic_enhanced\blues_blues.00002_stretch_0.9.wav,melancholic,True,data/processed\melancholic\blues_blues.00002.wav
data/processed\melancholic_enhanced\blues_blues.00002_stretch_1.1.wav,melancholic,True,data/processed\melancholic\blues_blues.00002.wav
data/processed\melancholic_enhanced\blues_blues.00002_stretch_1.2.wav,melancholic,True,data/processed\melancholic\blues_blues.00002.wav
data/processed\melancholic_enhanced\blues_blues.00002_noise_0.005.wav,melancholic,True,data/processed\melancholic\blues_blues.00002.wav
data/processed\melancholic_enhanced\blues_blues.00002_noise_0.010.wav,melancholic,True,data/processed\melancholic\blues_blues.00002.wav
data/processed\melancholic_enhanced\blues_blues.00003_pitch_-2.wav,melancholic,True,data/processed\melancholic\blues_blues.00003.wav
data/processed\melancholic_enhanced\blues_blues.00003_pitch_-1.wav,melancholic,True,data/processed\melancholic\blues_blues.00003.wav
data/processed\melancholic_enhanced\blues_blues.00003_pitch_+1.wav,melancholic,True,data/processed\melancholic\blues_blues.00003.wav
data/processed\melancholic_enhanced\blues_blues.00003_pitch_+2.wav,melancholic,True,data/processed\melancholic\blues_blues.00003.wav
data/processed\melancholic_enhanced\blues_blues.00003_stretch_0.8.wav,melancholic,True,data/processed\melancholic\blues_blues.00003.wav
data/processed\melancholic_enhanced\blues_blues.00003_stretch_0.9.wav,melancholic,True,data/processed\melancholic\blues_blues.00003.wav
data/processed\melancholic_enhanced\blues_blues.00003_stretch_1.1.wav,melancholic,True,data/processed\melancholic\blues_blues.00003.wav
data/processed\melancholic_enhanced\blues_blues.00003_stretch_1.2.wav,melancholic,True,data/processed\melancholic\blues_blues.00003.wav
data/processed\melancholic_enhanced\blues_blues.00003_noise_0.005.wav,melancholic,True,data/processed\melancholic\blues_blues.00003.wav
data/processed\melancholic_enhanced\blues_blues.00003_noise_0.010.wav,melancholic,True,data/processed\melancholic\blues_blues.00003.wav
data/processed\melancholic_enhanced\blues_blues.00004_pitch_-2.wav,melancholic,True,data/processed\melancholic\blues_blues.00004.wav
data/processed\melancholic_enhanced\blues_blues.00004_pitch_-1.wav,melancholic,True,data/processed\melancholic\blues_blues.00004.wav
data/processed\melancholic_enhanced\blues_blues.00004_pitch_+1.wav,melancholic,True,data/processed\melancholic\blues_blues.00004.wav
data/processed\melancholic_enhanced\blues_blues.00004_pitch_+2.wav,melancholic,True,data/processed\melancholic\blues_blues.00004.wav
data/processed\melancholic_enhanced\blues_blues.00004_stretch_0.8.wav,melancholic,True,data/processed\melancholic\blues_blues.00004.wav
data/processed\melancholic_enhanced\blues_blues.00004_stretch_0.9.wav,melancholic,True,data/processed\melancholic\blues_blues.00004.wav
data/processed\melancholic_enhanced\blues_blues.00004_stretch_1.1.wav,melancholic,True,data/processed\melancholic\blues_blues.00004.wav
data/processed\melancholic_enhanced\blues_blues.00004_stretch_1.2.wav,melancholic,True,data/processed\melancholic\blues_blues.00004.wav
data/processed\melancholic_enhanced\blues_blues.00004_noise_0.005.wav,melancholic,True,data/processed\melancholic\blues_blues.00004.wav
data/processed\melancholic_enhanced\blues_blues.00004_noise_0.010.wav,melancholic,True,data/processed\melancholic\blues_blues.00004.wav
data/processed\melancholic_enhanced\blues_blues.00005_pitch_-2.wav,melancholic,True,data/processed\melancholic\blues_blues.00005.wav
data/processed\melancholic_enhanced\blues_blues.00005_pitch_-1.wav,melancholic,True,data/processed\melancholic\blues_blues.00005.wav
data/processed\melancholic_enhanced\blues_blues.00005_pitch_+1.wav,melancholic,True,data/processed\melancholic\blues_blues.00005.wav
data/processed\melancholic_enhanced\blues_blues.00005_pitch_+2.wav,melancholic,True,data/processed\melancholic\blues_blues.00005.wav
data/processed\melancholic_enhanced\blues_blues.00005_stretch_0.8.wav,melancholic,True,data/processed\melancholic\blues_blues.00005.wav
data/processed\melancholic_enhanced\blues_blues.00005_stretch_0.9.wav,melancholic,True,data/processed\melancholic\blues_blues.00005.wav
data/processed\melancholic_enhanced\blues_blues.00005_stretch_1.1.wav,melancholic,True,data/processed\melancholic\blues_blues.00005.wav
data/processed\melancholic_enhanced\blues_blues.00005_stretch_1.2.wav,melancholic,True,data/processed\melancholic\blues_blues.00005.wav
data/processed\melancholic_enhanced\blues_blues.00005_noise_0.005.wav,melancholic,True,data/processed\melancholic\blues_blues.00005.wav
data/processed\melancholic_enhanced\blues_blues.00005_noise_0.010.wav,melancholic,True,data/processed\melancholic\blues_blues.00005.wav
data/processed\melancholic_enhanced\blues_blues.00006_pitch_-2.wav,melancholic,True,data/processed\melancholic\blues_blues.00006.wav
data/processed\melancholic_enhanced\blues_blues.00006_pitch_-1.wav,melancholic,True,data/processed\melancholic\blues_blues.00006.wav
data/processed\melancholic_enhanced\blues_blues.00006_pitch_+1.wav,melancholic,True,data/processed\melancholic\blues_blues.00006.wav
data/processed\melancholic_enhanced\blues_blues.00006_pitch_+2.wav,melancholic,True,data/processed\melancholic\blues_blues.00006.wav
data/processed\melancholic_enhanced\blues_blues.00006_stretch_0.8.wav,melancholic,True,data/processed\melancholic\blues_blues.00006.wav
data/processed\melancholic_enhanced\blues_blues.00006_stretch_0.9.wav,melancholic,True,data/processed\melancholic\blues_blues.00006.wav
data/processed\melancholic_enhanced\blues_blues.00006_stretch_1.1.wav,melancholic,True,data/processed\melancholic\blues_blues.00006.wav
data/processed\melancholic_enhanced\blues_blues.00006_stretch_1.2.wav,melancholic,True,data/processed\melancholic\blues_blues.00006.wav
data/processed\melancholic_enhanced\blues_blues.00006_noise_0.005.wav,melancholic,True,data/processed\melancholic\blues_blues.00006.wav
data/processed\melancholic_enhanced\blues_blues.00006_noise_0.010.wav,melancholic,True,data/processed\melancholic\blues_blues.00006.wav
data/processed\melancholic_enhanced\blues_blues.00007_pitch_-2.wav,melancholic,True,data/processed\melancholic\blues_blues.00007.wav
data/processed\melancholic_enhanced\blues_blues.00007_pitch_-1.wav,melancholic,True,data/processed\melancholic\blues_blues.00007.wav
data/processed\melancholic_enhanced\blues_blues.00007_pitch_+1.wav,melancholic,True,data/processed\melancholic\blues_blues.00007.wav
data/processed\melancholic_enhanced\blues_blues.00007_pitch_+2.wav,melancholic,True,data/processed\melancholic\blues_blues.00007.wav
data/processed\melancholic_enhanced\blues_blues.00007_stretch_0.8.wav,melancholic,True,data/processed\melancholic\blues_blues.00007.wav
data/processed\melancholic_enhanced\blues_blues.00007_stretch_0.9.wav,melancholic,True,data/processed\melancholic\blues_blues.00007.wav
data/processed\melancholic_enhanced\blues_blues.00007_stretch_1.1.wav,melancholic,True,data/processed\melancholic\blues_blues.00007.wav
data/processed\melancholic_enhanced\blues_blues.00007_stretch_1.2.wav,melancholic,True,data/processed\melancholic\blues_blues.00007.wav
data/processed\melancholic_enhanced\blues_blues.00007_noise_0.005.wav,melancholic,True,data/processed\melancholic\blues_blues.00007.wav
data/processed\melancholic_enhanced\blues_blues.00007_noise_0.010.wav,melancholic,True,data/processed\melancholic\blues_blues.00007.wav
data/processed\melancholic_enhanced\blues_blues.00008_pitch_-2.wav,melancholic,True,data/processed\melancholic\blues_blues.00008.wav
data/processed\melancholic_enhanced\blues_blues.00008_pitch_-1.wav,melancholic,True,data/processed\melancholic\blues_blues.00008.wav
data/processed\melancholic_enhanced\blues_blues.00008_pitch_+1.wav,melancholic,True,data/processed\melancholic\blues_blues.00008.wav
data/processed\melancholic_enhanced\blues_blues.00008_pitch_+2.wav,melancholic,True,data/processed\melancholic\blues_blues.00008.wav
data/processed\melancholic_enhanced\blues_blues.00008_stretch_0.8.wav,melancholic,True,data/processed\melancholic\blues_blues.00008.wav
data/processed\melancholic_enhanced\blues_blues.00008_stretch_0.9.wav,melancholic,True,data/processed\melancholic\blues_blues.00008.wav
data/processed\melancholic_enhanced\blues_blues.00008_stretch_1.1.wav,melancholic,True,data/processed\melancholic\blues_blues.00008.wav
data/processed\melancholic_enhanced\blues_blues.00008_stretch_1.2.wav,melancholic,True,data/processed\melancholic\blues_blues.00008.wav
data/processed\melancholic_enhanced\blues_blues.00008_noise_0.005.wav,melancholic,True,data/processed\melancholic\blues_blues.00008.wav
data/processed\melancholic_enhanced\blues_blues.00008_noise_0.010.wav,melancholic,True,data/processed\melancholic\blues_blues.00008.wav
data/processed\melancholic_enhanced\blues_blues.00009_pitch_-2.wav,melancholic,True,data/processed\melancholic\blues_blues.00009.wav
data/processed\melancholic_enhanced\blues_blues.00009_pitch_-1.wav,melancholic,True,data/processed\melancholic\blues_blues.00009.wav
data/processed\melancholic_enhanced\blues_blues.00009_pitch_+1.wav,melancholic,True,data/processed\melancholic\blues_blues.00009.wav
data/processed\melancholic_enhanced\blues_blues.00009_pitch_+2.wav,melancholic,True,data/processed\melancholic\blues_blues.00009.wav
data/processed\melancholic_enhanced\blues_blues.00009_stretch_0.8.wav,melancholic,True,data/processed\melancholic\blues_blues.00009.wav
data/processed\melancholic_enhanced\blues_blues.00009_stretch_0.9.wav,melancholic,True,data/processed\melancholic\blues_blues.00009.wav
data/processed\melancholic_enhanced\blues_blues.00009_stretch_1.1.wav,melancholic,True,data/processed\melancholic\blues_blues.00009.wav
data/processed\melancholic_enhanced\blues_blues.00009_stretch_1.2.wav,melancholic,True,data/processed\melancholic\blues_blues.00009.wav
data/processed\melancholic_enhanced\blues_blues.00009_noise_0.005.wav,melancholic,True,data/processed\melancholic\blues_blues.00009.wav
data/processed\melancholic_enhanced\blues_blues.00009_noise_0.010.wav,melancholic,True,data/processed\melancholic\blues_blues.00009.wav
data/processed\melancholic_enhanced\blues_blues.00010_pitch_-2.wav,melancholic,True,data/processed\melancholic\blues_blues.00010.wav
data/processed\melancholic_enhanced\blues_blues.00010_pitch_-1.wav,melancholic,True,data/processed\melancholic\blues_blues.00010.wav
data/processed\melancholic_enhanced\blues_blues.00010_pitch_+1.wav,melancholic,True,data/processed\melancholic\blues_blues.00010.wav
data/processed\melancholic_enhanced\blues_blues.00010_pitch_+2.wav,melancholic,True,data/processed\melancholic\blues_blues.00010.wav
data/processed\melancholic_enhanced\blues_blues.00010_stretch_0.8.wav,melancholic,True,data/processed\melancholic\blues_blues.00010.wav
data/processed\melancholic_enhanced\blues_blues.00010_stretch_0.9.wav,melancholic,True,data/processed\melancholic\blues_blues.00010.wav
data/processed\melancholic_enhanced\blues_blues.00010_stretch_1.1.wav,melancholic,True,data/processed\melancholic\blues_blues.00010.wav
data/processed\melancholic_enhanced\blues_blues.00010_stretch_1.2.wav,melancholic,True,data/processed\melancholic\blues_blues.00010.wav
data/processed\melancholic_enhanced\blues_blues.00010_noise_0.005.wav,melancholic,True,data/processed\melancholic\blues_blues.00010.wav
data/processed\melancholic_enhanced\blues_blues.00010_noise_0.010.wav,melancholic,True,data/processed\melancholic\blues_blues.00010.wav
data/processed\melancholic_enhanced\blues_blues.00011_pitch_-2.wav,melancholic,True,data/processed\melancholic\blues_blues.00011.wav
data/processed\melancholic_enhanced\blues_blues.00011_pitch_-1.wav,melancholic,True,data/processed\melancholic\blues_blues.00011.wav
data/processed\melancholic_enhanced\blues_blues.00011_pitch_+1.wav,melancholic,True,data/processed\melancholic\blues_blues.00011.wav
data/processed\melancholic_enhanced\blues_blues.00011_pitch_+2.wav,melancholic,True,data/processed\melancholic\blues_blues.00011.wav
data/processed\melancholic_enhanced\blues_blues.00011_stretch_0.8.wav,melancholic,True,data/processed\melancholic\blues_blues.00011.wav
data/processed\melancholic_enhanced\blues_blues.00011_stretch_0.9.wav,melancholic,True,data/processed\melancholic\blues_blues.00011.wav
data/processed\melancholic_enhanced\blues_blues.00011_stretch_1.1.wav,melancholic,True,data/processed\melancholic\blues_blues.00011.wav
data/processed\melancholic_enhanced\blues_blues.00011_stretch_1.2.wav,melancholic,True,data/processed\melancholic\blues_blues.00011.wav
data/processed\melancholic_enhanced\blues_blues.00011_noise_0.005.wav,melancholic,True,data/processed\melancholic\blues_blues.00011.wav
data/processed\melancholic_enhanced\blues_blues.00011_noise_0.010.wav,melancholic,True,data/processed\melancholic\blues_blues.00011.wav
data/processed\melancholic_enhanced\blues_blues.00012_pitch_-2.wav,melancholic,True,data/processed\melancholic\blues_blues.00012.wav
data/processed\melancholic_enhanced\blues_blues.00012_pitch_-1.wav,melancholic,True,data/processed\melancholic\blues_blues.00012.wav
data/processed\melancholic_enhanced\blues_blues.00012_pitch_+1.wav,melancholic,True,data/processed\melancholic\blues_blues.00012.wav
data/processed\melancholic_enhanced\blues_blues.00012_pitch_+2.wav,melancholic,True,data/processed\melancholic\blues_blues.00012.wav
data/processed\melancholic_enhanced\blues_blues.00012_stretch_0.8.wav,melancholic,True,data/processed\melancholic\blues_blues.00012.wav
data/processed\melancholic_enhanced\blues_blues.00012_stretch_0.9.wav,melancholic,True,data/processed\melancholic\blues_blues.00012.wav
data/processed\melancholic_enhanced\blues_blues.00012_stretch_1.1.wav,melancholic,True,data/processed\melancholic\blues_blues.00012.wav
data/processed\melancholic_enhanced\blues_blues.00012_stretch_1.2.wav,melancholic,True,data/processed\melancholic\blues_blues.00012.wav
data/processed\melancholic_enhanced\blues_blues.00012_noise_0.005.wav,melancholic,True,data/processed\melancholic\blues_blues.00012.wav
data/processed\melancholic_enhanced\blues_blues.00012_noise_0.010.wav,melancholic,True,data/processed\melancholic\blues_blues.00012.wav
data/processed\melancholic_enhanced\blues_blues.00013_pitch_-2.wav,melancholic,True,data/processed\melancholic\blues_blues.00013.wav
data/processed\melancholic_enhanced\blues_blues.00013_pitch_-1.wav,melancholic,True,data/processed\melancholic\blues_blues.00013.wav
data/processed\melancholic_enhanced\blues_blues.00013_pitch_+1.wav,melancholic,True,data/processed\melancholic\blues_blues.00013.wav
data/processed\melancholic_enhanced\blues_blues.00013_pitch_+2.wav,melancholic,True,data/processed\melancholic\blues_blues.00013.wav
data/processed\melancholic_enhanced\blues_blues.00013_stretch_0.8.wav,melancholic,True,data/processed\melancholic\blues_blues.00013.wav
data/processed\melancholic_enhanced\blues_blues.00013_stretch_0.9.wav,melancholic,True,data/processed\melancholic\blues_blues.00013.wav
data/processed\melancholic_enhanced\blues_blues.00013_stretch_1.1.wav,melancholic,True,data/processed\melancholic\blues_blues.00013.wav
data/processed\melancholic_enhanced\blues_blues.00013_stretch_1.2.wav,melancholic,True,data/processed\melancholic\blues_blues.00013.wav
data/processed\melancholic_enhanced\blues_blues.00013_noise_0.005.wav,melancholic,True,data/processed\melancholic\blues_blues.00013.wav
data/processed\melancholic_enhanced\blues_blues.00013_noise_0.010.wav,melancholic,True,data/processed\melancholic\blues_blues.00013.wav
data/processed\melancholic_enhanced\blues_blues.00014_pitch_-2.wav,melancholic,True,data/processed\melancholic\blues_blues.00014.wav
data/processed\melancholic_enhanced\blues_blues.00014_pitch_-1.wav,melancholic,True,data/processed\melancholic\blues_blues.00014.wav
data/processed\melancholic_enhanced\blues_blues.00014_pitch_+1.wav,melancholic,True,data/processed\melancholic\blues_blues.00014.wav
data/processed\melancholic_enhanced\blues_blues.00014_pitch_+2.wav,melancholic,True,data/processed\melancholic\blues_blues.00014.wav
data/processed\melancholic_enhanced\blues_blues.00014_stretch_0.8.wav,melancholic,True,data/processed\melancholic\blues_blues.00014.wav
data/processed\melancholic_enhanced\blues_blues.00014_stretch_0.9.wav,melancholic,True,data/processed\melancholic\blues_blues.00014.wav
data/processed\melancholic_enhanced\blues_blues.00014_stretch_1.1.wav,melancholic,True,data/processed\melancholic\blues_blues.00014.wav
data/processed\melancholic_enhanced\blues_blues.00014_stretch_1.2.wav,melancholic,True,data/processed\melancholic\blues_blues.00014.wav
data/processed\melancholic_enhanced\blues_blues.00014_noise_0.005.wav,melancholic,True,data/processed\melancholic\blues_blues.00014.wav
data/processed\melancholic_enhanced\blues_blues.00014_noise_0.010.wav,melancholic,True,data/processed\melancholic\blues_blues.00014.wav
data/processed\melancholic_enhanced\blues_blues.00015_pitch_-2.wav,melancholic,True,data/processed\melancholic\blues_blues.00015.wav
data/processed\melancholic_enhanced\blues_blues.00015_pitch_-1.wav,melancholic,True,data/processed\melancholic\blues_blues.00015.wav
data/processed\melancholic_enhanced\blues_blues.00015_pitch_+1.wav,melancholic,True,data/processed\melancholic\blues_blues.00015.wav
data/processed\melancholic_enhanced\blues_blues.00015_pitch_+2.wav,melancholic,True,data/processed\melancholic\blues_blues.00015.wav
data/processed\melancholic_enhanced\blues_blues.00015_stretch_0.8.wav,melancholic,True,data/processed\melancholic\blues_blues.00015.wav
data/processed\melancholic_enhanced\blues_blues.00015_stretch_0.9.wav,melancholic,True,data/processed\melancholic\blues_blues.00015.wav
data/processed\melancholic_enhanced\blues_blues.00015_stretch_1.1.wav,melancholic,True,data/processed\melancholic\blues_blues.00015.wav
data/processed\melancholic_enhanced\blues_blues.00015_stretch_1.2.wav,melancholic,True,data/processed\melancholic\blues_blues.00015.wav
data/processed\melancholic_enhanced\blues_blues.00015_noise_0.005.wav,melancholic,True,data/processed\melancholic\blues_blues.00015.wav
data/processed\melancholic_enhanced\blues_blues.00015_noise_0.010.wav,melancholic,True,data/processed\melancholic\blues_blues.00015.wav
data/processed\melancholic_enhanced\blues_blues.00016_pitch_-2.wav,melancholic,True,data/processed\melancholic\blues_blues.00016.wav
data/processed\melancholic_enhanced\blues_blues.00016_pitch_-1.wav,melancholic,True,data/processed\melancholic\blues_blues.00016.wav
data/processed\melancholic_enhanced\blues_blues.00016_pitch_+1.wav,melancholic,True,data/processed\melancholic\blues_blues.00016.wav
data/processed\melancholic_enhanced\blues_blues.00016_pitch_+2.wav,melancholic,True,data/processed\melancholic\blues_blues.00016.wav
data/processed\melancholic_enhanced\blues_blues.00016_stretch_0.8.wav,melancholic,True,data/processed\melancholic\blues_blues.00016.wav
data/processed\melancholic_enhanced\blues_blues.00016_stretch_0.9.wav,melancholic,True,data/processed\melancholic\blues_blues.00016.wav
data/processed\melancholic_enhanced\blues_blues.00016_stretch_1.1.wav,melancholic,True,data/processed\melancholic\blues_blues.00016.wav
data/processed\melancholic_enhanced\blues_blues.00016_stretch_1.2.wav,melancholic,True,data/processed\melancholic\blues_blues.00016.wav
data/processed\melancholic_enhanced\blues_blues.00016_noise_0.005.wav,melancholic,True,data/processed\melancholic\blues_blues.00016.wav
data/processed\melancholic_enhanced\blues_blues.00016_noise_0.010.wav,melancholic,True,data/processed\melancholic\blues_blues.00016.wav
data/processed\melancholic_enhanced\blues_blues.00017_pitch_-2.wav,melancholic,True,data/processed\melancholic\blues_blues.00017.wav
data/processed\melancholic_enhanced\blues_blues.00017_pitch_-1.wav,melancholic,True,data/processed\melancholic\blues_blues.00017.wav
data/processed\melancholic_enhanced\blues_blues.00017_pitch_+1.wav,melancholic,True,data/processed\melancholic\blues_blues.00017.wav
data/processed\melancholic_enhanced\blues_blues.00017_pitch_+2.wav,melancholic,True,data/processed\melancholic\blues_blues.00017.wav
data/processed\melancholic_enhanced\blues_blues.00017_stretch_0.8.wav,melancholic,True,data/processed\melancholic\blues_blues.00017.wav
data/processed\melancholic_enhanced\blues_blues.00017_stretch_0.9.wav,melancholic,True,data/processed\melancholic\blues_blues.00017.wav
data/processed\melancholic_enhanced\blues_blues.00017_stretch_1.1.wav,melancholic,True,data/processed\melancholic\blues_blues.00017.wav
data/processed\melancholic_enhanced\blues_blues.00017_stretch_1.2.wav,melancholic,True,data/processed\melancholic\blues_blues.00017.wav
data/processed\melancholic_enhanced\blues_blues.00017_noise_0.005.wav,melancholic,True,data/processed\melancholic\blues_blues.00017.wav
data/processed\melancholic_enhanced\blues_blues.00017_noise_0.010.wav,melancholic,True,data/processed\melancholic\blues_blues.00017.wav
data/processed\melancholic_enhanced\blues_blues.00018_pitch_-2.wav,melancholic,True,data/processed\melancholic\blues_blues.00018.wav
data/processed\melancholic_enhanced\blues_blues.00018_pitch_-1.wav,melancholic,True,data/processed\melancholic\blues_blues.00018.wav
data/processed\melancholic_enhanced\blues_blues.00018_pitch_+1.wav,melancholic,True,data/processed\melancholic\blues_blues.00018.wav
data/processed\melancholic_enhanced\blues_blues.00018_pitch_+2.wav,melancholic,True,data/processed\melancholic\blues_blues.00018.wav
data/processed\melancholic_enhanced\blues_blues.00018_stretch_0.8.wav,melancholic,True,data/processed\melancholic\blues_blues.00018.wav
data/processed\melancholic_enhanced\blues_blues.00018_stretch_0.9.wav,melancholic,True,data/processed\melancholic\blues_blues.00018.wav
data/processed\melancholic_enhanced\blues_blues.00018_stretch_1.1.wav,melancholic,True,data/processed\melancholic\blues_blues.00018.wav
data/processed\melancholic_enhanced\blues_blues.00018_stretch_1.2.wav,melancholic,True,data/processed\melancholic\blues_blues.00018.wav
data/processed\melancholic_enhanced\blues_blues.00018_noise_0.005.wav,melancholic,True,data/processed\melancholic\blues_blues.00018.wav
data/processed\melancholic_enhanced\blues_blues.00018_noise_0.010.wav,melancholic,True,data/processed\melancholic\blues_blues.00018.wav
data/processed\melancholic_enhanced\blues_blues.00019_pitch_-2.wav,melancholic,True,data/processed\melancholic\blues_blues.00019.wav
data/processed\melancholic_enhanced\blues_blues.00019_pitch_-1.wav,melancholic,True,data/processed\melancholic\blues_blues.00019.wav
data/processed\melancholic_enhanced\blues_blues.00019_pitch_+1.wav,melancholic,True,data/processed\melancholic\blues_blues.00019.wav
data/processed\melancholic_enhanced\blues_blues.00019_pitch_+2.wav,melancholic,True,data/processed\melancholic\blues_blues.00019.wav
data/processed\melancholic_enhanced\blues_blues.00019_stretch_0.8.wav,melancholic,True,data/processed\melancholic\blues_blues.00019.wav
data/processed\melancholic_enhanced\blues_blues.00019_stretch_0.9.wav,melancholic,True,data/processed\melancholic\blues_blues.00019.wav
data/processed\melancholic_enhanced\blues_blues.00019_stretch_1.1.wav,melancholic,True,data/processed\melancholic\blues_blues.00019.wav
data/processed\melancholic_enhanced\blues_blues.00019_stretch_1.2.wav,melancholic,True,data/processed\melancholic\blues_blues.00019.wav
data/processed\melancholic_enhanced\blues_blues.00019_noise_0.005.wav,melancholic,True,data/processed\melancholic\blues_blues.00019.wav
data/processed\melancholic_enhanced\blues_blues.00019_noise_0.010.wav,melancholic,True,data/processed\melancholic\blues_blues.00019.wav
data/processed\melancholic_enhanced\blues_blues.00020_pitch_-2.wav,melancholic,True,data/processed\melancholic\blues_blues.00020.wav
data/processed\melancholic_enhanced\blues_blues.00020_pitch_-1.wav,melancholic,True,data/processed\melancholic\blues_blues.00020.wav
data/processed\melancholic_enhanced\blues_blues.00020_pitch_+1.wav,melancholic,True,data/processed\melancholic\blues_blues.00020.wav
data/processed\melancholic_enhanced\blues_blues.00020_pitch_+2.wav,melancholic,True,data/processed\melancholic\blues_blues.00020.wav
data/processed\melancholic_enhanced\blues_blues.00020_stretch_0.8.wav,melancholic,True,data/processed\melancholic\blues_blues.00020.wav
data/processed\melancholic_enhanced\blues_blues.00020_stretch_0.9.wav,melancholic,True,data/processed\melancholic\blues_blues.00020.wav
data/processed\melancholic_enhanced\blues_blues.00020_stretch_1.1.wav,melancholic,True,data/processed\melancholic\blues_blues.00020.wav
data/processed\melancholic_enhanced\blues_blues.00020_stretch_1.2.wav,melancholic,True,data/processed\melancholic\blues_blues.00020.wav
data/processed\melancholic_enhanced\blues_blues.00020_noise_0.005.wav,melancholic,True,data/processed\melancholic\blues_blues.00020.wav
data/processed\melancholic_enhanced\blues_blues.00020_noise_0.010.wav,melancholic,True,data/processed\melancholic\blues_blues.00020.wav
data/processed\melancholic_enhanced\blues_blues.00021_pitch_-2.wav,melancholic,True,data/processed\melancholic\blues_blues.00021.wav
data/processed\melancholic_enhanced\blues_blues.00021_pitch_-1.wav,melancholic,True,data/processed\melancholic\blues_blues.00021.wav
data/processed\melancholic_enhanced\blues_blues.00021_pitch_+1.wav,melancholic,True,data/processed\melancholic\blues_blues.00021.wav
data/processed\melancholic_enhanced\blues_blues.00021_pitch_+2.wav,melancholic,True,data/processed\melancholic\blues_blues.00021.wav
data/processed\melancholic_enhanced\blues_blues.00021_stretch_0.8.wav,melancholic,True,data/processed\melancholic\blues_blues.00021.wav
data/processed\melancholic_enhanced\blues_blues.00021_stretch_0.9.wav,melancholic,True,data/processed\melancholic\blues_blues.00021.wav
data/processed\melancholic_enhanced\blues_blues.00021_stretch_1.1.wav,melancholic,True,data/processed\melancholic\blues_blues.00021.wav
data/processed\melancholic_enhanced\blues_blues.00021_stretch_1.2.wav,melancholic,True,data/processed\melancholic\blues_blues.00021.wav
data/processed\melancholic_enhanced\blues_blues.00021_noise_0.005.wav,melancholic,True,data/processed\melancholic\blues_blues.00021.wav
data/processed\melancholic_enhanced\blues_blues.00021_noise_0.010.wav,melancholic,True,data/processed\melancholic\blues_blues.00021.wav
data/processed\melancholic_enhanced\blues_blues.00022_pitch_-2.wav,melancholic,True,data/processed\melancholic\blues_blues.00022.wav
data/processed\melancholic_enhanced\blues_blues.00022_pitch_-1.wav,melancholic,True,data/processed\melancholic\blues_blues.00022.wav
data/processed\melancholic_enhanced\blues_blues.00022_pitch_+1.wav,melancholic,True,data/processed\melancholic\blues_blues.00022.wav
data/processed\melancholic_enhanced\blues_blues.00022_pitch_+2.wav,melancholic,True,data/processed\melancholic\blues_blues.00022.wav
data/processed\melancholic_enhanced\blues_blues.00022_stretch_0.8.wav,melancholic,True,data/processed\melancholic\blues_blues.00022.wav
data/processed\melancholic_enhanced\blues_blues.00022_stretch_0.9.wav,melancholic,True,data/processed\melancholic\blues_blues.00022.wav
data/processed\melancholic_enhanced\blues_blues.00022_stretch_1.1.wav,melancholic,True,data/processed\melancholic\blues_blues.00022.wav
data/processed\melancholic_enhanced\blues_blues.00022_stretch_1.2.wav,melancholic,True,data/processed\melancholic\blues_blues.00022.wav
data/processed\melancholic_enhanced\blues_blues.00022_noise_0.005.wav,melancholic,True,data/processed\melancholic\blues_blues.00022.wav
data/processed\melancholic_enhanced\blues_blues.00022_noise_0.010.wav,melancholic,True,data/processed\melancholic\blues_blues.00022.wav
data/processed\melancholic_enhanced\blues_blues.00023_pitch_-2.wav,melancholic,True,data/processed\melancholic\blues_blues.00023.wav
data/processed\melancholic_enhanced\blues_blues.00023_pitch_-1.wav,melancholic,True,data/processed\melancholic\blues_blues.00023.wav
data/processed\melancholic_enhanced\blues_blues.00023_pitch_+1.wav,melancholic,True,data/processed\melancholic\blues_blues.00023.wav
data/processed\melancholic_enhanced\blues_blues.00023_pitch_+2.wav,melancholic,True,data/processed\melancholic\blues_blues.00023.wav
data/processed\melancholic_enhanced\blues_blues.00023_stretch_0.8.wav,melancholic,True,data/processed\melancholic\blues_blues.00023.wav
data/processed\melancholic_enhanced\blues_blues.00023_stretch_0.9.wav,melancholic,True,data/processed\melancholic\blues_blues.00023.wav
data/processed\melancholic_enhanced\blues_blues.00023_stretch_1.1.wav,melancholic,True,data/processed\melancholic\blues_blues.00023.wav
data/processed\melancholic_enhanced\blues_blues.00023_stretch_1.2.wav,melancholic,True,data/processed\melancholic\blues_blues.00023.wav
data/processed\melancholic_enhanced\blues_blues.00023_noise_0.005.wav,melancholic,True,data/processed\melancholic\blues_blues.00023.wav
data/processed\melancholic_enhanced\blues_blues.00023_noise_0.010.wav,melancholic,True,data/processed\melancholic\blues_blues.00023.wav
data/processed\melancholic_enhanced\blues_blues.00024_pitch_-2.wav,melancholic,True,data/processed\melancholic\blues_blues.00024.wav
data/processed\melancholic_enhanced\blues_blues.00024_pitch_-1.wav,melancholic,True,data/processed\melancholic\blues_blues.00024.wav
data/processed\melancholic_enhanced\blues_blues.00024_pitch_+1.wav,melancholic,True,data/processed\melancholic\blues_blues.00024.wav
data/processed\melancholic_enhanced\blues_blues.00024_pitch_+2.wav,melancholic,True,data/processed\melancholic\blues_blues.00024.wav
data/processed\melancholic_enhanced\blues_blues.00024_stretch_0.8.wav,melancholic,True,data/processed\melancholic\blues_blues.00024.wav
data/processed\melancholic_enhanced\blues_blues.00024_stretch_0.9.wav,melancholic,True,data/processed\melancholic\blues_blues.00024.wav
data/processed\melancholic_enhanced\blues_blues.00024_stretch_1.1.wav,melancholic,True,data/processed\melancholic\blues_blues.00024.wav
data/processed\melancholic_enhanced\blues_blues.00024_stretch_1.2.wav,melancholic,True,data/processed\melancholic\blues_blues.00024.wav
data/processed\melancholic_enhanced\blues_blues.00024_noise_0.005.wav,melancholic,True,data/processed\melancholic\blues_blues.00024.wav
data/processed\melancholic_enhanced\blues_blues.00024_noise_0.010.wav,melancholic,True,data/processed\melancholic\blues_blues.00024.wav
data/processed\melancholic_enhanced\blues_blues.00025_pitch_-2.wav,melancholic,True,data/processed\melancholic\blues_blues.00025.wav
data/processed\melancholic_enhanced\blues_blues.00025_pitch_-1.wav,melancholic,True,data/processed\melancholic\blues_blues.00025.wav
data/processed\melancholic_enhanced\blues_blues.00025_pitch_+1.wav,melancholic,True,data/processed\melancholic\blues_blues.00025.wav
data/processed\melancholic_enhanced\blues_blues.00025_pitch_+2.wav,melancholic,True,data/processed\melancholic\blues_blues.00025.wav
data/processed\melancholic_enhanced\blues_blues.00025_stretch_0.8.wav,melancholic,True,data/processed\melancholic\blues_blues.00025.wav
data/processed\melancholic_enhanced\blues_blues.00025_stretch_0.9.wav,melancholic,True,data/processed\melancholic\blues_blues.00025.wav
data/processed\melancholic_enhanced\blues_blues.00025_stretch_1.1.wav,melancholic,True,data/processed\melancholic\blues_blues.00025.wav
data/processed\melancholic_enhanced\blues_blues.00025_stretch_1.2.wav,melancholic,True,data/processed\melancholic\blues_blues.00025.wav
data/processed\melancholic_enhanced\blues_blues.00025_noise_0.005.wav,melancholic,True,data/processed\melancholic\blues_blues.00025.wav
data/processed\melancholic_enhanced\blues_blues.00025_noise_0.010.wav,melancholic,True,data/processed\melancholic\blues_blues.00025.wav
data/processed\melancholic_enhanced\blues_blues.00026_pitch_-2.wav,melancholic,True,data/processed\melancholic\blues_blues.00026.wav
data/processed\melancholic_enhanced\blues_blues.00026_pitch_-1.wav,melancholic,True,data/processed\melancholic\blues_blues.00026.wav
data/processed\melancholic_enhanced\blues_blues.00026_pitch_+1.wav,melancholic,True,data/processed\melancholic\blues_blues.00026.wav
data/processed\melancholic_enhanced\blues_blues.00026_pitch_+2.wav,melancholic,True,data/processed\melancholic\blues_blues.00026.wav
data/processed\melancholic_enhanced\blues_blues.00026_stretch_0.8.wav,melancholic,True,data/processed\melancholic\blues_blues.00026.wav
data/processed\melancholic_enhanced\blues_blues.00026_stretch_0.9.wav,melancholic,True,data/processed\melancholic\blues_blues.00026.wav
data/processed\melancholic_enhanced\blues_blues.00026_stretch_1.1.wav,melancholic,True,data/processed\melancholic\blues_blues.00026.wav
data/processed\melancholic_enhanced\blues_blues.00026_stretch_1.2.wav,melancholic,True,data/processed\melancholic\blues_blues.00026.wav
data/processed\melancholic_enhanced\blues_blues.00026_noise_0.005.wav,melancholic,True,data/processed\melancholic\blues_blues.00026.wav
data/processed\melancholic_enhanced\blues_blues.00026_noise_0.010.wav,melancholic,True,data/processed\melancholic\blues_blues.00026.wav
data/processed\melancholic_enhanced\blues_blues.00027_pitch_-2.wav,melancholic,True,data/processed\melancholic\blues_blues.00027.wav
data/processed\melancholic_enhanced\blues_blues.00027_pitch_-1.wav,melancholic,True,data/processed\melancholic\blues_blues.00027.wav
data/processed\melancholic_enhanced\blues_blues.00027_pitch_+1.wav,melancholic,True,data/processed\melancholic\blues_blues.00027.wav
data/processed\melancholic_enhanced\blues_blues.00027_pitch_+2.wav,melancholic,True,data/processed\melancholic\blues_blues.00027.wav
data/processed\melancholic_enhanced\blues_blues.00027_stretch_0.8.wav,melancholic,True,data/processed\melancholic\blues_blues.00027.wav
data/processed\melancholic_enhanced\blues_blues.00027_stretch_0.9.wav,melancholic,True,data/processed\melancholic\blues_blues.00027.wav
data/processed\melancholic_enhanced\blues_blues.00027_stretch_1.1.wav,melancholic,True,data/processed\melancholic\blues_blues.00027.wav
data/processed\melancholic_enhanced\blues_blues.00027_stretch_1.2.wav,melancholic,True,data/processed\melancholic\blues_blues.00027.wav
data/processed\melancholic_enhanced\blues_blues.00027_noise_0.005.wav,melancholic,True,data/processed\melancholic\blues_blues.00027.wav
data/processed\melancholic_enhanced\blues_blues.00027_noise_0.010.wav,melancholic,True,data/processed\melancholic\blues_blues.00027.wav
data/processed\melancholic_enhanced\blues_blues.00028_pitch_-2.wav,melancholic,True,data/processed\melancholic\blues_blues.00028.wav
data/processed\melancholic_enhanced\blues_blues.00028_pitch_-1.wav,melancholic,True,data/processed\melancholic\blues_blues.00028.wav
data/processed\melancholic_enhanced\blues_blues.00028_pitch_+1.wav,melancholic,True,data/processed\melancholic\blues_blues.00028.wav
data/processed\melancholic_enhanced\blues_blues.00028_pitch_+2.wav,melancholic,True,data/processed\melancholic\blues_blues.00028.wav
data/processed\melancholic_enhanced\blues_blues.00028_stretch_0.8.wav,melancholic,True,data/processed\melancholic\blues_blues.00028.wav
data/processed\melancholic_enhanced\blues_blues.00028_stretch_0.9.wav,melancholic,True,data/processed\melancholic\blues_blues.00028.wav
data/processed\melancholic_enhanced\blues_blues.00028_stretch_1.1.wav,melancholic,True,data/processed\melancholic\blues_blues.00028.wav
data/processed\melancholic_enhanced\blues_blues.00028_stretch_1.2.wav,melancholic,True,data/processed\melancholic\blues_blues.00028.wav
data/processed\melancholic_enhanced\blues_blues.00028_noise_0.005.wav,melancholic,True,data/processed\melancholic\blues_blues.00028.wav
data/processed\melancholic_enhanced\blues_blues.00028_noise_0.010.wav,melancholic,True,data/processed\melancholic\blues_blues.00028.wav
data/processed\melancholic_enhanced\blues_blues.00029_pitch_-2.wav,melancholic,True,data/processed\melancholic\blues_blues.00029.wav
data/processed\melancholic_enhanced\blues_blues.00029_pitch_-1.wav,melancholic,True,data/processed\melancholic\blues_blues.00029.wav
data/processed\melancholic_enhanced\blues_blues.00029_pitch_+1.wav,melancholic,True,data/processed\melancholic\blues_blues.00029.wav
data/processed\melancholic_enhanced\blues_blues.00029_pitch_+2.wav,melancholic,True,data/processed\melancholic\blues_blues.00029.wav
data/processed\melancholic_enhanced\blues_blues.00029_stretch_0.8.wav,melancholic,True,data/processed\melancholic\blues_blues.00029.wav
data/processed\melancholic_enhanced\blues_blues.00029_stretch_0.9.wav,melancholic,True,data/processed\melancholic\blues_blues.00029.wav
data/processed\melancholic_enhanced\blues_blues.00029_stretch_1.1.wav,melancholic,True,data/processed\melancholic\blues_blues.00029.wav
data/processed\melancholic_enhanced\blues_blues.00029_stretch_1.2.wav,melancholic,True,data/processed\melancholic\blues_blues.00029.wav
data/processed\melancholic_enhanced\blues_blues.00029_noise_0.005.wav,melancholic,True,data/processed\melancholic\blues_blues.00029.wav
data/processed\melancholic_enhanced\blues_blues.00029_noise_0.010.wav,melancholic,True,data/processed\melancholic\blues_blues.00029.wav
data/processed\melancholic_enhanced\blues_blues.00030_pitch_-2.wav,melancholic,True,data/processed\melancholic\blues_blues.00030.wav
data/processed\melancholic_enhanced\blues_blues.00030_pitch_-1.wav,melancholic,True,data/processed\melancholic\blues_blues.00030.wav
data/processed\melancholic_enhanced\blues_blues.00030_pitch_+1.wav,melancholic,True,data/processed\melancholic\blues_blues.00030.wav
data/processed\melancholic_enhanced\blues_blues.00030_pitch_+2.wav,melancholic,True,data/processed\melancholic\blues_blues.00030.wav
data/processed\melancholic_enhanced\blues_blues.00030_stretch_0.8.wav,melancholic,True,data/processed\melancholic\blues_blues.00030.wav
data/processed\melancholic_enhanced\blues_blues.00030_stretch_0.9.wav,melancholic,True,data/processed\melancholic\blues_blues.00030.wav
data/processed\melancholic_enhanced\blues_blues.00030_stretch_1.1.wav,melancholic,True,data/processed\melancholic\blues_blues.00030.wav
data/processed\melancholic_enhanced\blues_blues.00030_stretch_1.2.wav,melancholic,True,data/processed\melancholic\blues_blues.00030.wav
data/processed\melancholic_enhanced\blues_blues.00030_noise_0.005.wav,melancholic,True,data/processed\melancholic\blues_blues.00030.wav
data/processed\melancholic_enhanced\blues_blues.00030_noise_0.010.wav,melancholic,True,data/processed\melancholic\blues_blues.00030.wav
data/processed\melancholic_enhanced\blues_blues.00031_pitch_-2.wav,melancholic,True,data/processed\melancholic\blues_blues.00031.wav
data/processed\melancholic_enhanced\blues_blues.00031_pitch_-1.wav,melancholic,True,data/processed\melancholic\blues_blues.00031.wav
data/processed\melancholic_enhanced\blues_blues.00031_pitch_+1.wav,melancholic,True,data/processed\melancholic\blues_blues.00031.wav
data/processed\melancholic_enhanced\blues_blues.00031_pitch_+2.wav,melancholic,True,data/processed\melancholic\blues_blues.00031.wav
data/processed\melancholic_enhanced\blues_blues.00031_stretch_0.8.wav,melancholic,True,data/processed\melancholic\blues_blues.00031.wav
data/processed\melancholic_enhanced\blues_blues.00031_stretch_0.9.wav,melancholic,True,data/processed\melancholic\blues_blues.00031.wav
data/processed\melancholic_enhanced\blues_blues.00031_stretch_1.1.wav,melancholic,True,data/processed\melancholic\blues_blues.00031.wav
data/processed\melancholic_enhanced\blues_blues.00031_stretch_1.2.wav,melancholic,True,data/processed\melancholic\blues_blues.00031.wav
data/processed\melancholic_enhanced\blues_blues.00031_noise_0.005.wav,melancholic,True,data/processed\melancholic\blues_blues.00031.wav
data/processed\melancholic_enhanced\blues_blues.00031_noise_0.010.wav,melancholic,True,data/processed\melancholic\blues_blues.00031.wav
data/processed\melancholic_enhanced\blues_blues.00032_pitch_-2.wav,melancholic,True,data/processed\melancholic\blues_blues.00032.wav
data/processed\melancholic_enhanced\blues_blues.00032_pitch_-1.wav,melancholic,True,data/processed\melancholic\blues_blues.00032.wav
data/processed\melancholic_enhanced\blues_blues.00032_pitch_+1.wav,melancholic,True,data/processed\melancholic\blues_blues.00032.wav
data/processed\melancholic_enhanced\blues_blues.00032_pitch_+2.wav,melancholic,True,data/processed\melancholic\blues_blues.00032.wav
data/processed\melancholic_enhanced\blues_blues.00032_stretch_0.8.wav,melancholic,True,data/processed\melancholic\blues_blues.00032.wav
data/processed\melancholic_enhanced\blues_blues.00032_stretch_0.9.wav,melancholic,True,data/processed\melancholic\blues_blues.00032.wav
data/processed\melancholic_enhanced\blues_blues.00032_stretch_1.1.wav,melancholic,True,data/processed\melancholic\blues_blues.00032.wav
data/processed\melancholic_enhanced\blues_blues.00032_stretch_1.2.wav,melancholic,True,data/processed\melancholic\blues_blues.00032.wav
data/processed\melancholic_enhanced\blues_blues.00032_noise_0.005.wav,melancholic,True,data/processed\melancholic\blues_blues.00032.wav
data/processed\melancholic_enhanced\blues_blues.00032_noise_0.010.wav,melancholic,True,data/processed\melancholic\blues_blues.00032.wav
data/processed\melancholic_enhanced\blues_blues.00033_pitch_-2.wav,melancholic,True,data/processed\melancholic\blues_blues.00033.wav
data/processed\melancholic_enhanced\blues_blues.00033_pitch_-1.wav,melancholic,True,data/processed\melancholic\blues_blues.00033.wav
data/processed\melancholic_enhanced\blues_blues.00033_pitch_+1.wav,melancholic,True,data/processed\melancholic\blues_blues.00033.wav
data/processed\melancholic_enhanced\blues_blues.00033_pitch_+2.wav,melancholic,True,data/processed\melancholic\blues_blues.00033.wav
data/processed\melancholic_enhanced\blues_blues.00033_stretch_0.8.wav,melancholic,True,data/processed\melancholic\blues_blues.00033.wav
data/processed\melancholic_enhanced\blues_blues.00033_stretch_0.9.wav,melancholic,True,data/processed\melancholic\blues_blues.00033.wav
data/processed\melancholic_enhanced\blues_blues.00033_stretch_1.1.wav,melancholic,True,data/processed\melancholic\blues_blues.00033.wav
data/processed\melancholic_enhanced\blues_blues.00033_stretch_1.2.wav,melancholic,True,data/processed\melancholic\blues_blues.00033.wav
data/processed\melancholic_enhanced\blues_blues.00033_noise_0.005.wav,melancholic,True,data/processed\melancholic\blues_blues.00033.wav
data/processed\melancholic_enhanced\blues_blues.00033_noise_0.010.wav,melancholic,True,data/processed\melancholic\blues_blues.00033.wav
data/processed\melancholic_enhanced\blues_blues.00034_pitch_-2.wav,melancholic,True,data/processed\melancholic\blues_blues.00034.wav
data/processed\melancholic_enhanced\blues_blues.00034_pitch_-1.wav,melancholic,True,data/processed\melancholic\blues_blues.00034.wav
data/processed\melancholic_enhanced\blues_blues.00034_pitch_+1.wav,melancholic,True,data/processed\melancholic\blues_blues.00034.wav
data/processed\melancholic_enhanced\blues_blues.00034_pitch_+2.wav,melancholic,True,data/processed\melancholic\blues_blues.00034.wav
data/processed\melancholic_enhanced\blues_blues.00034_stretch_0.8.wav,melancholic,True,data/processed\melancholic\blues_blues.00034.wav
data/processed\melancholic_enhanced\blues_blues.00034_stretch_0.9.wav,melancholic,True,data/processed\melancholic\blues_blues.00034.wav
data/processed\melancholic_enhanced\blues_blues.00034_stretch_1.1.wav,melancholic,True,data/processed\melancholic\blues_blues.00034.wav
data/processed\melancholic_enhanced\blues_blues.00034_stretch_1.2.wav,melancholic,True,data/processed\melancholic\blues_blues.00034.wav
data/processed\melancholic_enhanced\blues_blues.00034_noise_0.005.wav,melancholic,True,data/processed\melancholic\blues_blues.00034.wav
data/processed\melancholic_enhanced\blues_blues.00034_noise_0.010.wav,melancholic,True,data/processed\melancholic\blues_blues.00034.wav
data/processed\melancholic_enhanced\blues_blues.00035_pitch_-2.wav,melancholic,True,data/processed\melancholic\blues_blues.00035.wav
data/processed\melancholic_enhanced\blues_blues.00035_pitch_-1.wav,melancholic,True,data/processed\melancholic\blues_blues.00035.wav
data/processed\melancholic_enhanced\blues_blues.00035_pitch_+1.wav,melancholic,True,data/processed\melancholic\blues_blues.00035.wav
data/processed\melancholic_enhanced\blues_blues.00035_pitch_+2.wav,melancholic,True,data/processed\melancholic\blues_blues.00035.wav
data/processed\melancholic_enhanced\blues_blues.00035_stretch_0.8.wav,melancholic,True,data/processed\melancholic\blues_blues.00035.wav
data/processed\melancholic_enhanced\blues_blues.00035_stretch_0.9.wav,melancholic,True,data/processed\melancholic\blues_blues.00035.wav
data/processed\melancholic_enhanced\blues_blues.00035_stretch_1.1.wav,melancholic,True,data/processed\melancholic\blues_blues.00035.wav
data/processed\melancholic_enhanced\blues_blues.00035_stretch_1.2.wav,melancholic,True,data/processed\melancholic\blues_blues.00035.wav
data/processed\melancholic_enhanced\blues_blues.00035_noise_0.005.wav,melancholic,True,data/processed\melancholic\blues_blues.00035.wav
data/processed\melancholic_enhanced\blues_blues.00035_noise_0.010.wav,melancholic,True,data/processed\melancholic\blues_blues.00035.wav
data/processed\melancholic_enhanced\blues_blues.00036_pitch_-2.wav,melancholic,True,data/processed\melancholic\blues_blues.00036.wav
data/processed\melancholic_enhanced\blues_blues.00036_pitch_-1.wav,melancholic,True,data/processed\melancholic\blues_blues.00036.wav
data/processed\melancholic_enhanced\blues_blues.00036_pitch_+1.wav,melancholic,True,data/processed\melancholic\blues_blues.00036.wav
data/processed\melancholic_enhanced\blues_blues.00036_pitch_+2.wav,melancholic,True,data/processed\melancholic\blues_blues.00036.wav
data/processed\melancholic_enhanced\blues_blues.00036_stretch_0.8.wav,melancholic,True,data/processed\melancholic\blues_blues.00036.wav
data/processed\melancholic_enhanced\blues_blues.00036_stretch_0.9.wav,melancholic,True,data/processed\melancholic\blues_blues.00036.wav
data/processed\melancholic_enhanced\blues_blues.00036_stretch_1.1.wav,melancholic,True,data/processed\melancholic\blues_blues.00036.wav
data/processed\melancholic_enhanced\blues_blues.00036_stretch_1.2.wav,melancholic,True,data/processed\melancholic\blues_blues.00036.wav
data/processed\melancholic_enhanced\blues_blues.00036_noise_0.005.wav,melancholic,True,data/processed\melancholic\blues_blues.00036.wav
data/processed\melancholic_enhanced\blues_blues.00036_noise_0.010.wav,melancholic,True,data/processed\melancholic\blues_blues.00036.wav
data/processed\melancholic_enhanced\blues_blues.00037_pitch_-2.wav,melancholic,True,data/processed\melancholic\blues_blues.00037.wav
data/processed\melancholic_enhanced\blues_blues.00037_pitch_-1.wav,melancholic,True,data/processed\melancholic\blues_blues.00037.wav
data/processed\melancholic_enhanced\blues_blues.00037_pitch_+1.wav,melancholic,True,data/processed\melancholic\blues_blues.00037.wav
data/processed\melancholic_enhanced\blues_blues.00037_pitch_+2.wav,melancholic,True,data/processed\melancholic\blues_blues.00037.wav
data/processed\melancholic_enhanced\blues_blues.00037_stretch_0.8.wav,melancholic,True,data/processed\melancholic\blues_blues.00037.wav
data/processed\melancholic_enhanced\blues_blues.00037_stretch_0.9.wav,melancholic,True,data/processed\melancholic\blues_blues.00037.wav
data/processed\melancholic_enhanced\blues_blues.00037_stretch_1.1.wav,melancholic,True,data/processed\melancholic\blues_blues.00037.wav
data/processed\melancholic_enhanced\blues_blues.00037_stretch_1.2.wav,melancholic,True,data/processed\melancholic\blues_blues.00037.wav
data/processed\melancholic_enhanced\blues_blues.00037_noise_0.005.wav,melancholic,True,data/processed\melancholic\blues_blues.00037.wav
data/processed\melancholic_enhanced\blues_blues.00037_noise_0.010.wav,melancholic,True,data/processed\melancholic\blues_blues.00037.wav
data/processed\melancholic_enhanced\blues_blues.00038_pitch_-2.wav,melancholic,True,data/processed\melancholic\blues_blues.00038.wav
data/processed\melancholic_enhanced\blues_blues.00038_pitch_-1.wav,melancholic,True,data/processed\melancholic\blues_blues.00038.wav
data/processed\melancholic_enhanced\blues_blues.00038_pitch_+1.wav,melancholic,True,data/processed\melancholic\blues_blues.00038.wav
data/processed\melancholic_enhanced\blues_blues.00038_pitch_+2.wav,melancholic,True,data/processed\melancholic\blues_blues.00038.wav
data/processed\melancholic_enhanced\blues_blues.00038_stretch_0.8.wav,melancholic,True,data/processed\melancholic\blues_blues.00038.wav
data/processed\melancholic_enhanced\blues_blues.00038_stretch_0.9.wav,melancholic,True,data/processed\melancholic\blues_blues.00038.wav
data/processed\melancholic_enhanced\blues_blues.00038_stretch_1.1.wav,melancholic,True,data/processed\melancholic\blues_blues.00038.wav
data/processed\melancholic_enhanced\blues_blues.00038_stretch_1.2.wav,melancholic,True,data/processed\melancholic\blues_blues.00038.wav
data/processed\melancholic_enhanced\blues_blues.00038_noise_0.005.wav,melancholic,True,data/processed\melancholic\blues_blues.00038.wav
data/processed\melancholic_enhanced\blues_blues.00038_noise_0.010.wav,melancholic,True,data/processed\melancholic\blues_blues.00038.wav
data/processed\melancholic_enhanced\blues_blues.00039_pitch_-2.wav,melancholic,True,data/processed\melancholic\blues_blues.00039.wav
data/processed\melancholic_enhanced\blues_blues.00039_pitch_-1.wav,melancholic,True,data/processed\melancholic\blues_blues.00039.wav
data/processed\melancholic_enhanced\blues_blues.00039_pitch_+1.wav,melancholic,True,data/processed\melancholic\blues_blues.00039.wav
data/processed\melancholic_enhanced\blues_blues.00039_pitch_+2.wav,melancholic,True,data/processed\melancholic\blues_blues.00039.wav
data/processed\melancholic_enhanced\blues_blues.00039_stretch_0.8.wav,melancholic,True,data/processed\melancholic\blues_blues.00039.wav
data/processed\melancholic_enhanced\blues_blues.00039_stretch_0.9.wav,melancholic,True,data/processed\melancholic\blues_blues.00039.wav
data/processed\melancholic_enhanced\blues_blues.00039_stretch_1.1.wav,melancholic,True,data/processed\melancholic\blues_blues.00039.wav
data/processed\melancholic_enhanced\blues_blues.00039_stretch_1.2.wav,melancholic,True,data/processed\melancholic\blues_blues.00039.wav
data/processed\melancholic_enhanced\blues_blues.00039_noise_0.005.wav,melancholic,True,data/processed\melancholic\blues_blues.00039.wav
data/processed\melancholic_enhanced\blues_blues.00039_noise_0.010.wav,melancholic,True,data/processed\melancholic\blues_blues.00039.wav
data/processed\melancholic_enhanced\blues_blues.00040_pitch_-2.wav,melancholic,True,data/processed\melancholic\blues_blues.00040.wav
data/processed\melancholic_enhanced\blues_blues.00040_pitch_-1.wav,melancholic,True,data/processed\melancholic\blues_blues.00040.wav
data/processed\melancholic_enhanced\blues_blues.00040_pitch_+1.wav,melancholic,True,data/processed\melancholic\blues_blues.00040.wav
data/processed\melancholic_enhanced\blues_blues.00040_pitch_+2.wav,melancholic,True,data/processed\melancholic\blues_blues.00040.wav
data/processed\melancholic_enhanced\blues_blues.00040_stretch_0.8.wav,melancholic,True,data/processed\melancholic\blues_blues.00040.wav
data/processed\melancholic_enhanced\blues_blues.00040_stretch_0.9.wav,melancholic,True,data/processed\melancholic\blues_blues.00040.wav
data/processed\melancholic_enhanced\blues_blues.00040_stretch_1.1.wav,melancholic,True,data/processed\melancholic\blues_blues.00040.wav
data/processed\melancholic_enhanced\blues_blues.00040_stretch_1.2.wav,melancholic,True,data/processed\melancholic\blues_blues.00040.wav
data/processed\melancholic_enhanced\blues_blues.00040_noise_0.005.wav,melancholic,True,data/processed\melancholic\blues_blues.00040.wav
data/processed\melancholic_enhanced\blues_blues.00040_noise_0.010.wav,melancholic,True,data/processed\melancholic\blues_blues.00040.wav
data/processed\melancholic_enhanced\blues_blues.00041_pitch_-2.wav,melancholic,True,data/processed\melancholic\blues_blues.00041.wav
data/processed\melancholic_enhanced\blues_blues.00041_pitch_-1.wav,melancholic,True,data/processed\melancholic\blues_blues.00041.wav
data/processed\melancholic_enhanced\blues_blues.00041_pitch_+1.wav,melancholic,True,data/processed\melancholic\blues_blues.00041.wav
data/processed\melancholic_enhanced\blues_blues.00041_pitch_+2.wav,melancholic,True,data/processed\melancholic\blues_blues.00041.wav
data/processed\melancholic_enhanced\blues_blues.00041_stretch_0.8.wav,melancholic,True,data/processed\melancholic\blues_blues.00041.wav
data/processed\melancholic_enhanced\blues_blues.00041_stretch_0.9.wav,melancholic,True,data/processed\melancholic\blues_blues.00041.wav
data/processed\melancholic_enhanced\blues_blues.00041_stretch_1.1.wav,melancholic,True,data/processed\melancholic\blues_blues.00041.wav
data/processed\melancholic_enhanced\blues_blues.00041_stretch_1.2.wav,melancholic,True,data/processed\melancholic\blues_blues.00041.wav
data/processed\melancholic_enhanced\blues_blues.00041_noise_0.005.wav,melancholic,True,data/processed\melancholic\blues_blues.00041.wav
data/processed\melancholic_enhanced\blues_blues.00041_noise_0.010.wav,melancholic,True,data/processed\melancholic\blues_blues.00041.wav
data/processed\melancholic_enhanced\blues_blues.00042_pitch_-2.wav,melancholic,True,data/processed\melancholic\blues_blues.00042.wav
data/processed\melancholic_enhanced\blues_blues.00042_pitch_-1.wav,melancholic,True,data/processed\melancholic\blues_blues.00042.wav
data/processed\melancholic_enhanced\blues_blues.00042_pitch_+1.wav,melancholic,True,data/processed\melancholic\blues_blues.00042.wav
data/processed\melancholic_enhanced\blues_blues.00042_pitch_+2.wav,melancholic,True,data/processed\melancholic\blues_blues.00042.wav
data/processed\melancholic_enhanced\blues_blues.00042_stretch_0.8.wav,melancholic,True,data/processed\melancholic\blues_blues.00042.wav
data/processed\melancholic_enhanced\blues_blues.00042_stretch_0.9.wav,melancholic,True,data/processed\melancholic\blues_blues.00042.wav
data/processed\melancholic_enhanced\blues_blues.00042_stretch_1.1.wav,melancholic,True,data/processed\melancholic\blues_blues.00042.wav
data/processed\melancholic_enhanced\blues_blues.00042_stretch_1.2.wav,melancholic,True,data/processed\melancholic\blues_blues.00042.wav
data/processed\melancholic_enhanced\blues_blues.00042_noise_0.005.wav,melancholic,True,data/processed\melancholic\blues_blues.00042.wav
data/processed\melancholic_enhanced\blues_blues.00042_noise_0.010.wav,melancholic,True,data/processed\melancholic\blues_blues.00042.wav
data/processed\melancholic_enhanced\blues_blues.00043_pitch_-2.wav,melancholic,True,data/processed\melancholic\blues_blues.00043.wav
data/processed\melancholic_enhanced\blues_blues.00043_pitch_-1.wav,melancholic,True,data/processed\melancholic\blues_blues.00043.wav
data/processed\melancholic_enhanced\blues_blues.00043_pitch_+1.wav,melancholic,True,data/processed\melancholic\blues_blues.00043.wav
data/processed\melancholic_enhanced\blues_blues.00043_pitch_+2.wav,melancholic,True,data/processed\melancholic\blues_blues.00043.wav
data/processed\melancholic_enhanced\blues_blues.00043_stretch_0.8.wav,melancholic,True,data/processed\melancholic\blues_blues.00043.wav
data/processed\melancholic_enhanced\blues_blues.00043_stretch_0.9.wav,melancholic,True,data/processed\melancholic\blues_blues.00043.wav
data/processed\melancholic_enhanced\blues_blues.00043_stretch_1.1.wav,melancholic,True,data/processed\melancholic\blues_blues.00043.wav
data/processed\melancholic_enhanced\blues_blues.00043_stretch_1.2.wav,melancholic,True,data/processed\melancholic\blues_blues.00043.wav
data/processed\melancholic_enhanced\blues_blues.00043_noise_0.005.wav,melancholic,True,data/processed\melancholic\blues_blues.00043.wav
data/processed\melancholic_enhanced\blues_blues.00043_noise_0.010.wav,melancholic,True,data/processed\melancholic\blues_blues.00043.wav
data/processed\melancholic_enhanced\blues_blues.00044_pitch_-2.wav,melancholic,True,data/processed\melancholic\blues_blues.00044.wav
data/processed\melancholic_enhanced\blues_blues.00044_pitch_-1.wav,melancholic,True,data/processed\melancholic\blues_blues.00044.wav
data/processed\melancholic_enhanced\blues_blues.00044_pitch_+1.wav,melancholic,True,data/processed\melancholic\blues_blues.00044.wav
data/processed\melancholic_enhanced\blues_blues.00044_pitch_+2.wav,melancholic,True,data/processed\melancholic\blues_blues.00044.wav
data/processed\melancholic_enhanced\blues_blues.00044_stretch_0.8.wav,melancholic,True,data/processed\melancholic\blues_blues.00044.wav
data/processed\melancholic_enhanced\blues_blues.00044_stretch_0.9.wav,melancholic,True,data/processed\melancholic\blues_blues.00044.wav
data/processed\melancholic_enhanced\blues_blues.00044_stretch_1.1.wav,melancholic,True,data/processed\melancholic\blues_blues.00044.wav
data/processed\melancholic_enhanced\blues_blues.00044_stretch_1.2.wav,melancholic,True,data/processed\melancholic\blues_blues.00044.wav
data/processed\melancholic_enhanced\blues_blues.00044_noise_0.005.wav,melancholic,True,data/processed\melancholic\blues_blues.00044.wav
data/processed\melancholic_enhanced\blues_blues.00044_noise_0.010.wav,melancholic,True,data/processed\melancholic\blues_blues.00044.wav
data/processed\melancholic_enhanced\blues_blues.00045_pitch_-2.wav,melancholic,True,data/processed\melancholic\blues_blues.00045.wav
data/processed\melancholic_enhanced\blues_blues.00045_pitch_-1.wav,melancholic,True,data/processed\melancholic\blues_blues.00045.wav
data/processed\melancholic_enhanced\blues_blues.00045_pitch_+1.wav,melancholic,True,data/processed\melancholic\blues_blues.00045.wav
data/processed\melancholic_enhanced\blues_blues.00045_pitch_+2.wav,melancholic,True,data/processed\melancholic\blues_blues.00045.wav
data/processed\melancholic_enhanced\blues_blues.00045_stretch_0.8.wav,melancholic,True,data/processed\melancholic\blues_blues.00045.wav
data/processed\melancholic_enhanced\blues_blues.00045_stretch_0.9.wav,melancholic,True,data/processed\melancholic\blues_blues.00045.wav
data/processed\melancholic_enhanced\blues_blues.00045_stretch_1.1.wav,melancholic,True,data/processed\melancholic\blues_blues.00045.wav
data/processed\melancholic_enhanced\blues_blues.00045_stretch_1.2.wav,melancholic,True,data/processed\melancholic\blues_blues.00045.wav
data/processed\melancholic_enhanced\blues_blues.00045_noise_0.005.wav,melancholic,True,data/processed\melancholic\blues_blues.00045.wav
data/processed\melancholic_enhanced\blues_blues.00045_noise_0.010.wav,melancholic,True,data/processed\melancholic\blues_blues.00045.wav
data/processed\melancholic_enhanced\blues_blues.00046_pitch_-2.wav,melancholic,True,data/processed\melancholic\blues_blues.00046.wav
data/processed\melancholic_enhanced\blues_blues.00046_pitch_-1.wav,melancholic,True,data/processed\melancholic\blues_blues.00046.wav
data/processed\melancholic_enhanced\blues_blues.00046_pitch_+1.wav,melancholic,True,data/processed\melancholic\blues_blues.00046.wav
data/processed\melancholic_enhanced\blues_blues.00046_pitch_+2.wav,melancholic,True,data/processed\melancholic\blues_blues.00046.wav
data/processed\melancholic_enhanced\blues_blues.00046_stretch_0.8.wav,melancholic,True,data/processed\melancholic\blues_blues.00046.wav
data/processed\melancholic_enhanced\blues_blues.00046_stretch_0.9.wav,melancholic,True,data/processed\melancholic\blues_blues.00046.wav
data/processed\melancholic_enhanced\blues_blues.00046_stretch_1.1.wav,melancholic,True,data/processed\melancholic\blues_blues.00046.wav
data/processed\melancholic_enhanced\blues_blues.00046_stretch_1.2.wav,melancholic,True,data/processed\melancholic\blues_blues.00046.wav
data/processed\melancholic_enhanced\blues_blues.00046_noise_0.005.wav,melancholic,True,data/processed\melancholic\blues_blues.00046.wav
data/processed\melancholic_enhanced\blues_blues.00046_noise_0.010.wav,melancholic,True,data/processed\melancholic\blues_blues.00046.wav
data/processed\melancholic_enhanced\blues_blues.00047_pitch_-2.wav,melancholic,True,data/processed\melancholic\blues_blues.00047.wav
data/processed\melancholic_enhanced\blues_blues.00047_pitch_-1.wav,melancholic,True,data/processed\melancholic\blues_blues.00047.wav
data/processed\melancholic_enhanced\blues_blues.00047_pitch_+1.wav,melancholic,True,data/processed\melancholic\blues_blues.00047.wav
data/processed\melancholic_enhanced\blues_blues.00047_pitch_+2.wav,melancholic,True,data/processed\melancholic\blues_blues.00047.wav
data/processed\melancholic_enhanced\blues_blues.00047_stretch_0.8.wav,melancholic,True,data/processed\melancholic\blues_blues.00047.wav
data/processed\melancholic_enhanced\blues_blues.00047_stretch_0.9.wav,melancholic,True,data/processed\melancholic\blues_blues.00047.wav
data/processed\melancholic_enhanced\blues_blues.00047_stretch_1.1.wav,melancholic,True,data/processed\melancholic\blues_blues.00047.wav
data/processed\melancholic_enhanced\blues_blues.00047_stretch_1.2.wav,melancholic,True,data/processed\melancholic\blues_blues.00047.wav
data/processed\melancholic_enhanced\blues_blues.00047_noise_0.005.wav,melancholic,True,data/processed\melancholic\blues_blues.00047.wav
data/processed\melancholic_enhanced\blues_blues.00047_noise_0.010.wav,melancholic,True,data/processed\melancholic\blues_blues.00047.wav
data/processed\melancholic_enhanced\blues_blues.00048_pitch_-2.wav,melancholic,True,data/processed\melancholic\blues_blues.00048.wav
data/processed\melancholic_enhanced\blues_blues.00048_pitch_-1.wav,melancholic,True,data/processed\melancholic\blues_blues.00048.wav
data/processed\melancholic_enhanced\blues_blues.00048_pitch_+1.wav,melancholic,True,data/processed\melancholic\blues_blues.00048.wav
data/processed\melancholic_enhanced\blues_blues.00048_pitch_+2.wav,melancholic,True,data/processed\melancholic\blues_blues.00048.wav
data/processed\melancholic_enhanced\blues_blues.00048_stretch_0.8.wav,melancholic,True,data/processed\melancholic\blues_blues.00048.wav
data/processed\melancholic_enhanced\blues_blues.00048_stretch_0.9.wav,melancholic,True,data/processed\melancholic\blues_blues.00048.wav
data/processed\melancholic_enhanced\blues_blues.00048_stretch_1.1.wav,melancholic,True,data/processed\melancholic\blues_blues.00048.wav
data/processed\melancholic_enhanced\blues_blues.00048_stretch_1.2.wav,melancholic,True,data/processed\melancholic\blues_blues.00048.wav
data/processed\melancholic_enhanced\blues_blues.00048_noise_0.005.wav,melancholic,True,data/processed\melancholic\blues_blues.00048.wav
data/processed\melancholic_enhanced\blues_blues.00048_noise_0.010.wav,melancholic,True,data/processed\melancholic\blues_blues.00048.wav
data/processed\melancholic_enhanced\blues_blues.00049_pitch_-2.wav,melancholic,True,data/processed\melancholic\blues_blues.00049.wav
data/processed\melancholic_enhanced\blues_blues.00049_pitch_-1.wav,melancholic,True,data/processed\melancholic\blues_blues.00049.wav
data/processed\melancholic_enhanced\blues_blues.00049_pitch_+1.wav,melancholic,True,data/processed\melancholic\blues_blues.00049.wav
data/processed\melancholic_enhanced\blues_blues.00049_pitch_+2.wav,melancholic,True,data/processed\melancholic\blues_blues.00049.wav
data/processed\melancholic_enhanced\blues_blues.00049_stretch_0.8.wav,melancholic,True,data/processed\melancholic\blues_blues.00049.wav
data/processed\melancholic_enhanced\blues_blues.00049_stretch_0.9.wav,melancholic,True,data/processed\melancholic\blues_blues.00049.wav
data/processed\melancholic_enhanced\blues_blues.00049_stretch_1.1.wav,melancholic,True,data/processed\melancholic\blues_blues.00049.wav
data/processed\melancholic_enhanced\blues_blues.00049_stretch_1.2.wav,melancholic,True,data/processed\melancholic\blues_blues.00049.wav
data/processed\melancholic_enhanced\blues_blues.00049_noise_0.005.wav,melancholic,True,data/processed\melancholic\blues_blues.00049.wav
data/processed\melancholic_enhanced\blues_blues.00049_noise_0.010.wav,melancholic,True,data/processed\melancholic\blues_blues.00049.wav
